country_id,country_name,iso3,region,income_group,economic_type
2001_AFG,Afghanistan,AFG,Europe,Upper-Middle Income,Developed
2002_AFG,Albania,ALB,Oceania,High Income,Developing
2003_AFG,Algeria,DZA,Asia,Low Income,Developing
2004_AFG,American Samoa,ASM,Africa,Upper-Middle Income,Developed
2005_AFG,Andorra,AND,Asia,Upper-Middle Income,Developed
2006_AFG,Angola,AGO,Africa,High Income,Developed
2007_AFG,Antigua and Barbuda,ATG,Americas,Low Income,Emerging
2008_AFG,Argentina,ARG,Europe,Low Income,Emerging
2009_AFG,Armenia,ARM,Asia,Upper-Middle Income,Emerging
2010_AFG,Aruba,ABW,Oceania,Lower-Middle Income,Developing
2011_AFG,Australia,AUS,Americas,Upper-Middle Income,Emerging
2012_AFG,Austria,AUT,Asia,Upper-Middle Income,Developing
2013_AFG,Azerbaijan,AZE,Oceania,Upper-Middle Income,Developing
2014_AFG,"Bahamas, The",BHS,Asia,Upper-Middle Income,Emerging
2015_AFG,Bahrain,BHR,Africa,High Income,Emerging
2016_AFG,Bangladesh,BGD,Asia,Low Income,Emerging
2017_AFG,Barbados,BRB,Asia,High Income,Developed
2018_AFG,Belarus,BLR,Asia,High Income,Emerging
2019_AFG,Belgium,BEL,Americas,High Income,Developed
2020_AFG,Belize,BLZ,Asia,Upper-Middle Income,Developing
2021_AFG,Benin,BEN,Oceania,Lower-Middle Income,Developed
2022_AFG,Bermuda,BMU,Africa,Low Income,Emerging
2023_AFG,Bhutan,BTN,Africa,Lower-Middle Income,Developing
2024_AFG,Bolivia,BOL,Asia,High Income,Developing
2000_ALB,Bosnia and Herzegovina,BIH,Americas,High Income,Developing
2001_ALB,Botswana,BWA,Americas,Lower-Middle Income,Developed
2002_ALB,Brazil,BRA,Oceania,Lower-Middle Income,Emerging
2003_ALB,Brunei Darussalam,BRN,Asia,Lower-Middle Income,Developing
2004_ALB,Bulgaria,BGR,Africa,High Income,Developing
2005_ALB,Burkina Faso,BFA,Americas,High Income,Developing
2006_ALB,Burundi,BDI,Asia,Low Income,Developed
2007_ALB,Cabo Verde,CPV,Americas,Low Income,Developed
2008_ALB,Cambodia,KHM,Americas,High Income,Emerging
2009_ALB,Cameroon,CMR,Africa,Lower-Middle Income,Developed
2010_ALB,Canada,CAN,Europe,Lower-Middle Income,Developing
2011_ALB,Cayman Islands,CYM,Oceania,Low Income,Emerging
2012_ALB,Central African Republic,CAF,Oceania,High Income,Developing
2013_ALB,Chad,TCD,Africa,Low Income,Developing
2014_ALB,Channel Islands,CHI,Americas,Low Income,Developed
2015_ALB,Chile,CHL,Asia,Upper-Middle Income,Emerging
2016_ALB,China,CHN,Americas,Upper-Middle Income,Developed
2017_ALB,Colombia,COL,Africa,Upper-Middle Income,Developed
2018_ALB,Comoros,COM,Oceania,Lower-Middle Income,Emerging
2019_ALB,"Congo, Dem. Rep.",COD,Americas,High Income,Developing
2020_ALB,"Congo, Rep.",COG,Oceania,High Income,Developing
2021_ALB,Costa Rica,CRI,Asia,High Income,Emerging
2022_ALB,Cote d'Ivoire,CIV,Oceania,High Income,Developing
2023_ALB,Croatia,HRV,Oceania,Upper-Middle Income,Emerging
2024_ALB,Cuba,CUB,Europe,Lower-Middle Income,Emerging
2000_DZA,Curacao,CUW,Europe,Lower-Middle Income,Developed
2001_DZA,Cyprus,CYP,Europe,Upper-Middle Income,Emerging
2002_DZA,Czechia,CZE,Oceania,Lower-Middle Income,Developed
2003_DZA,Denmark,DNK,Africa,Upper-Middle Income,Developing
2004_DZA,Djibouti,DJI,Oceania,High Income,Developing
2005_DZA,Dominica,DMA,Africa,Upper-Middle Income,Developing
2006_DZA,Dominican Republic,DOM,Africa,High Income,Developing
2007_DZA,Ecuador,ECU,Europe,High Income,Developed
2008_DZA,"Egypt, Arab Rep.",EGY,Americas,Low Income,Developing
2009_DZA,El Salvador,SLV,Asia,Upper-Middle Income,Emerging
2010_DZA,Equatorial Guinea,GNQ,Europe,Low Income,Emerging
2011_DZA,Eritrea,ERI,Europe,Upper-Middle Income,Emerging
2012_DZA,Estonia,EST,Americas,Upper-Middle Income,Developed
2013_DZA,Eswatini,SWZ,Asia,Low Income,Developing
2014_DZA,Ethiopia,ETH,Oceania,Low Income,Developing
2015_DZA,Faroe Islands,FRO,Oceania,Upper-Middle Income,Developing
2016_DZA,Fiji,FJI,Europe,Lower-Middle Income,Developed
2017_DZA,Finland,FIN,Asia,High Income,Emerging
2018_DZA,France,FRA,Europe,Low Income,Emerging
2019_DZA,French Polynesia,PYF,Africa,High Income,Developing
2020_DZA,Gabon,GAB,Europe,Lower-Middle Income,Emerging
2021_DZA,"Gambia, The",GMB,Europe,Lower-Middle Income,Emerging
2022_DZA,Georgia,GEO,Oceania,Lower-Middle Income,Developed
2023_DZA,Germany,DEU,Oceania,Low Income,Developed
2024_DZA,Ghana,GHA,Oceania,Lower-Middle Income,Developed
2003_ASM,Greece,GRC,Africa,Low Income,Developed
2004_ASM,Greenland,GRL,Oceania,Lower-Middle Income,Developing
2005_ASM,Grenada,GRD,Asia,High Income,Developed
2006_ASM,Guam,GUM,Americas,High Income,Emerging
2007_ASM,Guatemala,GTM,Asia,Upper-Middle Income,Developing
2008_ASM,Guinea,GIN,Asia,High Income,Emerging
2009_ASM,Guinea-Bissau,GNB,Oceania,Upper-Middle Income,Emerging
2010_ASM,Guyana,GUY,Americas,High Income,Emerging
2011_ASM,Haiti,HTI,Americas,Low Income,Developed
2012_ASM,Honduras,HND,Americas,High Income,Developed
2013_ASM,"Hong Kong SAR, China",HKG,Africa,Upper-Middle Income,Developing
2014_ASM,Hungary,HUN,Oceania,Upper-Middle Income,Developing
2015_ASM,Iceland,ISL,Americas,Lower-Middle Income,Developed
2016_ASM,India,IND,Africa,Low Income,Emerging
2017_ASM,Indonesia,IDN,Europe,High Income,Developing
2018_ASM,"Iran, Islamic Rep.",IRN,Europe,Lower-Middle Income,Developed
2019_ASM,Iraq,IRQ,Africa,High Income,Developed
2020_ASM,Ireland,IRL,Africa,High Income,Developed
2021_ASM,Isle of Man,IMN,Oceania,Lower-Middle Income,Emerging
2022_ASM,Israel,ISR,Oceania,Lower-Middle Income,Developed
2000_AND,Italy,ITA,Europe,Lower-Middle Income,Developed
2001_AND,Jamaica,JAM,Americas,Lower-Middle Income,Developed
2002_AND,Japan,JPN,Europe,Lower-Middle Income,Developed
2003_AND,Jordan,JOR,Americas,High Income,Developing
2004_AND,Kazakhstan,KAZ,Americas,Lower-Middle Income,Developing
2005_AND,Kenya,KEN,Oceania,Low Income,Developed
2006_AND,Kiribati,KIR,Asia,Upper-Middle Income,Emerging
2007_AND,"Korea, Rep.",KOR,Asia,Lower-Middle Income,Developing
2008_AND,Kosovo,XKX,Africa,Lower-Middle Income,Developed
2009_AND,Kuwait,KWT,Oceania,High Income,Developing
2010_AND,Kyrgyz Republic,KGZ,Americas,Lower-Middle Income,Developing
2011_AND,Lao PDR,LAO,Asia,Lower-Middle Income,Emerging
2012_AND,Latvia,LVA,Americas,Lower-Middle Income,Developed
2013_AND,Lebanon,LBN,Asia,High Income,Developed
2014_AND,Lesotho,LSO,Asia,Lower-Middle Income,Emerging
2015_AND,Liberia,LBR,Asia,Upper-Middle Income,Emerging
2016_AND,Libya,LBY,Oceania,High Income,Developed
2017_AND,Liechtenstein,LIE,Europe,Upper-Middle Income,Developed
2018_AND,Lithuania,LTU,Americas,High Income,Emerging
2019_AND,Luxembourg,LUX,Oceania,Lower-Middle Income,Developing
2020_AND,"Macao SAR, China",MAC,Oceania,Upper-Middle Income,Developing
2021_AND,Madagascar,MDG,Oceania,High Income,Emerging
2022_AND,Malawi,MWI,Oceania,Low Income,Developing
2023_AND,Malaysia,MYS,Oceania,Lower-Middle Income,Emerging
2024_AND,Maldives,MDV,Africa,High Income,Developing
2000_AGO,Mali,MLI,Americas,Low Income,Developing
2001_AGO,Malta,MLT,Oceania,High Income,Developed
2002_AGO,Marshall Islands,MHL,Americas,Low Income,Developed
2003_AGO,Mauritania,MRT,Africa,Lower-Middle Income,Developing
2004_AGO,Mauritius,MUS,Africa,Upper-Middle Income,Developing
2005_AGO,Mexico,MEX,Americas,Low Income,Developed
2006_AGO,"Micronesia, Fed. Sts.",FSM,Asia,High Income,Developed
2007_AGO,Moldova,MDA,Europe,Lower-Middle Income,Developed
2008_AGO,Monaco,MCO,Asia,Low Income,Emerging
2009_AGO,Mongolia,MNG,Asia,High Income,Developing
2010_AGO,Montenegro,MNE,Asia,High Income,Developed
2011_AGO,Morocco,MAR,Oceania,High Income,Developing
2012_AGO,Mozambique,MOZ,Africa,Low Income,Emerging
2013_AGO,Myanmar,MMR,Asia,Low Income,Emerging
2014_AGO,Namibia,NAM,Africa,Low Income,Developed
2015_AGO,Nauru,NRU,Americas,Upper-Middle Income,Emerging
2016_AGO,Nepal,NPL,Europe,Low Income,Developing
2017_AGO,Netherlands,NLD,Americas,Low Income,Developed
2018_AGO,New Caledonia,NCL,Americas,Low Income,Developing
2019_AGO,New Zealand,NZL,Oceania,Upper-Middle Income,Developing
2020_AGO,Nicaragua,NIC,Europe,Low Income,Emerging
2021_AGO,Niger,NER,Americas,High Income,Emerging
2022_AGO,Nigeria,NGA,Americas,Low Income,Emerging
2023_AGO,North Macedonia,MKD,Europe,High Income,Emerging
2024_AGO,Northern Mariana Islands,MNP,Europe,High Income,Emerging
2000_ATG,Norway,NOR,Americas,High Income,Developed
2001_ATG,Oman,OMN,Europe,Upper-Middle Income,Developing
2002_ATG,Pakistan,PAK,Americas,Upper-Middle Income,Developing
2003_ATG,Palau,PLW,Americas,Upper-Middle Income,Developing
2004_ATG,Panama,PAN,Oceania,Low Income,Developing
2005_ATG,Papua New Guinea,PNG,Asia,High Income,Emerging
2006_ATG,Paraguay,PRY,Americas,Upper-Middle Income,Developing
2007_ATG,Peru,PER,Africa,Upper-Middle Income,Developed
2008_ATG,Philippines,PHL,Asia,Low Income,Developed
2009_ATG,Poland,POL,Asia,Upper-Middle Income,Developing
2010_ATG,Portugal,PRT,Asia,Low Income,Developing
2011_ATG,Puerto Rico (US),PRI,Oceania,Lower-Middle Income,Developed
2012_ATG,Qatar,QAT,Americas,Upper-Middle Income,Developed
2013_ATG,Romania,ROU,Oceania,Lower-Middle Income,Emerging
2014_ATG,Russian Federation,RUS,Americas,Low Income,Developed
2015_ATG,Rwanda,RWA,Oceania,High Income,Emerging
2016_ATG,Samoa,WSM,Oceania,Upper-Middle Income,Emerging
2017_ATG,San Marino,SMR,Africa,Low Income,Emerging
2018_ATG,Sao Tome and Principe,STP,Oceania,High Income,Emerging
2019_ATG,Saudi Arabia,SAU,Europe,High Income,Emerging
2020_ATG,Senegal,SEN,Africa,Lower-Middle Income,Developing
2021_ATG,Serbia,SRB,Oceania,Low Income,Developed
2022_ATG,Seychelles,SYC,Asia,High Income,Emerging
2023_ATG,Sierra Leone,SLE,Europe,Upper-Middle Income,Developed
2024_ATG,Singapore,SGP,Europe,Upper-Middle Income,Developed
2000_ARG,Sint Maarten (Dutch part),SXM,Europe,Lower-Middle Income,Emerging
2001_ARG,Slovak Republic,SVK,Africa,High Income,Developing
2002_ARG,Slovenia,SVN,Oceania,Low Income,Emerging
2003_ARG,Solomon Islands,SLB,Oceania,Upper-Middle Income,Developing
2004_ARG,"Somalia, Fed. Rep.",SOM,Asia,High Income,Developed
2005_ARG,South Africa,ZAF,Asia,High Income,Developing
2006_ARG,South Sudan,SSD,Europe,Lower-Middle Income,Developing
2007_ARG,Spain,ESP,Asia,Upper-Middle Income,Developing
2008_ARG,Sri Lanka,LKA,Africa,Upper-Middle Income,Developed
2009_ARG,St. Kitts and Nevis,KNA,Oceania,Low Income,Developed
2010_ARG,St. Lucia,LCA,Europe,Upper-Middle Income,Developing
2011_ARG,St. Martin (French part),MAF,Asia,Low Income,Developing
2012_ARG,St. Vincent and the Grenadines,VCT,Africa,Upper-Middle Income,Emerging
2013_ARG,Sudan,SDN,Africa,Lower-Middle Income,Developing
2014_ARG,Suriname,SUR,Asia,Upper-Middle Income,Emerging
2015_ARG,Sweden,SWE,Oceania,Low Income,Developing
2016_ARG,Switzerland,CHE,Asia,Low Income,Emerging
2017_ARG,Syrian Arab Republic,SYR,Europe,Lower-Middle Income,Developed
2018_ARG,Tajikistan,TJK,Asia,Upper-Middle Income,Developing
2019_ARG,Tanzania,TZA,Africa,Upper-Middle Income,Developing
2020_ARG,Thailand,THA,Asia,Lower-Middle Income,Developing
2021_ARG,Timor-Leste,TLS,Oceania,Upper-Middle Income,Developing
2022_ARG,Togo,TGO,Americas,Upper-Middle Income,Emerging
2023_ARG,Tonga,TON,Asia,Low Income,Developing
2024_ARG,Trinidad and Tobago,TTO,Oceania,Upper-Middle Income,Developed
2000_ARM,Tunisia,TUN,Oceania,Upper-Middle Income,Developed
2001_ARM,Turkiye,TUR,Africa,Lower-Middle Income,Developing
2002_ARM,Turkmenistan,TKM,Oceania,Lower-Middle Income,Developed
2003_ARM,Turks and Caicos Islands,TCA,Oceania,High Income,Developing
2004_ARM,Tuvalu,TUV,Oceania,Low Income,Developing
2005_ARM,Uganda,UGA,Oceania,Upper-Middle Income,Developed
2006_ARM,Ukraine,UKR,Europe,Upper-Middle Income,Developing
2007_ARM,United Arab Emirates,ARE,Europe,High Income,Developed
2008_ARM,United Kingdom,GBR,Africa,Upper-Middle Income,Emerging
2009_ARM,United States,USA,Asia,Low Income,Developing
2010_ARM,Uruguay,URY,Oceania,High Income,Emerging
2011_ARM,Uzbekistan,UZB,Asia,Low Income,Developed
2012_ARM,Vanuatu,VUT,Asia,High Income,Emerging
2013_ARM,"Venezuela, RB",VEN,Africa,High Income,Emerging
2014_ARM,Viet Nam,VNM,Oceania,Lower-Middle Income,Developed
2015_ARM,Virgin Islands (U.S.),VIR,Oceania,Low Income,Emerging
2016_ARM,West Bank and Gaza,PSE,Americas,Upper-Middle Income,Emerging
2017_ARM,"Yemen, Rep.",YEM,Asia,Upper-Middle Income,Developed
2018_ARM,Zambia,ZMB,Asia,Low Income,Emerging
2019_ARM,Zimbabwe,ZWE,Europe,Upper-Middle Income,Developed
2020_ARM,,,,,
2021_ARM,,,,,
2022_ARM,,,,,
2023_ARM,,,,,
2024_ARM,,,,,
2000_ABW,,,,,
2001_ABW,,,,,
2002_ABW,,,,,
2003_ABW,,,,,
2004_ABW,,,,,
2005_ABW,,,,,
2006_ABW,,,,,
2007_ABW,,,,,
2008_ABW,,,,,
2009_ABW,,,,,
2010_ABW,,,,,
2011_ABW,,,,,
2012_ABW,,,,,
2013_ABW,,,,,
2014_ABW,,,,,
2015_ABW,,,,,
2016_ABW,,,,,
2017_ABW,,,,,
2018_ABW,,,,,
2019_ABW,,,,,
2020_ABW,,,,,
2021_ABW,,,,,
2022_ABW,,,,,
2023_ABW,,,,,
2024_ABW,,,,,
2000_AUS,,,,,
2001_AUS,,,,,
2002_AUS,,,,,
2003_AUS,,,,,
2004_AUS,,,,,
2005_AUS,,,,,
2006_AUS,,,,,
2007_AUS,,,,,
2008_AUS,,,,,
2009_AUS,,,,,
2010_AUS,,,,,
2011_AUS,,,,,
2012_AUS,,,,,
2013_AUS,,,,,
2014_AUS,,,,,
2015_AUS,,,,,
2016_AUS,,,,,
2017_AUS,,,,,
2018_AUS,,,,,
2019_AUS,,,,,
2020_AUS,,,,,
2021_AUS,,,,,
2022_AUS,,,,,
2023_AUS,,,,,
2024_AUS,,,,,
2000_AUT,,,,,
2001_AUT,,,,,
2002_AUT,,,,,
2003_AUT,,,,,
2004_AUT,,,,,
2005_AUT,,,,,
2006_AUT,,,,,
2007_AUT,,,,,
2008_AUT,,,,,
2009_AUT,,,,,
2010_AUT,,,,,
2011_AUT,,,,,
2012_AUT,,,,,
2013_AUT,,,,,
2014_AUT,,,,,
2015_AUT,,,,,
2016_AUT,,,,,
2017_AUT,,,,,
2018_AUT,,,,,
2019_AUT,,,,,
2020_AUT,,,,,
2021_AUT,,,,,
2022_AUT,,,,,
2023_AUT,,,,,
2024_AUT,,,,,
2000_AZE,,,,,
2001_AZE,,,,,
2002_AZE,,,,,
2003_AZE,,,,,
2004_AZE,,,,,
2005_AZE,,,,,
2006_AZE,,,,,
2007_AZE,,,,,
2008_AZE,,,,,
2009_AZE,,,,,
2010_AZE,,,,,
2011_AZE,,,,,
2012_AZE,,,,,
2013_AZE,,,,,
2014_AZE,,,,,
2015_AZE,,,,,
2016_AZE,,,,,
2017_AZE,,,,,
2018_AZE,,,,,
2019_AZE,,,,,
2020_AZE,,,,,
2021_AZE,,,,,
2022_AZE,,,,,
2023_AZE,,,,,
2024_AZE,,,,,
2000_BHS,,,,,
2001_BHS,,,,,
2002_BHS,,,,,
2003_BHS,,,,,
2004_BHS,,,,,
2005_BHS,,,,,
2006_BHS,,,,,
2007_BHS,,,,,
2008_BHS,,,,,
2009_BHS,,,,,
2010_BHS,,,,,
2011_BHS,,,,,
2012_BHS,,,,,
2013_BHS,,,,,
2014_BHS,,,,,
2015_BHS,,,,,
2016_BHS,,,,,
2017_BHS,,,,,
2018_BHS,,,,,
2019_BHS,,,,,
2020_BHS,,,,,
2021_BHS,,,,,
2022_BHS,,,,,
2023_BHS,,,,,
2024_BHS,,,,,
2000_BHR,,,,,
2001_BHR,,,,,
2002_BHR,,,,,
2003_BHR,,,,,
2004_BHR,,,,,
2005_BHR,,,,,
2006_BHR,,,,,
2007_BHR,,,,,
2008_BHR,,,,,
2009_BHR,,,,,
2010_BHR,,,,,
2011_BHR,,,,,
2012_BHR,,,,,
2013_BHR,,,,,
2014_BHR,,,,,
2015_BHR,,,,,
2016_BHR,,,,,
2017_BHR,,,,,
2018_BHR,,,,,
2019_BHR,,,,,
2020_BHR,,,,,
2021_BHR,,,,,
2022_BHR,,,,,
2023_BHR,,,,,
2024_BHR,,,,,
2000_BGD,,,,,
2001_BGD,,,,,
2002_BGD,,,,,
2003_BGD,,,,,
2004_BGD,,,,,
2005_BGD,,,,,
2006_BGD,,,,,
2007_BGD,,,,,
2008_BGD,,,,,
2009_BGD,,,,,
2010_BGD,,,,,
2011_BGD,,,,,
2012_BGD,,,,,
2013_BGD,,,,,
2014_BGD,,,,,
2015_BGD,,,,,
2016_BGD,,,,,
2017_BGD,,,,,
2018_BGD,,,,,
2019_BGD,,,,,
2020_BGD,,,,,
2021_BGD,,,,,
2022_BGD,,,,,
2023_BGD,,,,,
2024_BGD,,,,,
2000_BRB,,,,,
2001_BRB,,,,,
2002_BRB,,,,,
2003_BRB,,,,,
2004_BRB,,,,,
2005_BRB,,,,,
2006_BRB,,,,,
2007_BRB,,,,,
2008_BRB,,,,,
2009_BRB,,,,,
2010_BRB,,,,,
2011_BRB,,,,,
2012_BRB,,,,,
2013_BRB,,,,,
2014_BRB,,,,,
2015_BRB,,,,,
2016_BRB,,,,,
2017_BRB,,,,,
2018_BRB,,,,,
2019_BRB,,,,,
2020_BRB,,,,,
2021_BRB,,,,,
2022_BRB,,,,,
2023_BRB,,,,,
2024_BRB,,,,,
2000_BLR,,,,,
2001_BLR,,,,,
2002_BLR,,,,,
2003_BLR,,,,,
2004_BLR,,,,,
2005_BLR,,,,,
2006_BLR,,,,,
2007_BLR,,,,,
2008_BLR,,,,,
2009_BLR,,,,,
2010_BLR,,,,,
2011_BLR,,,,,
2012_BLR,,,,,
2013_BLR,,,,,
2014_BLR,,,,,
2015_BLR,,,,,
2016_BLR,,,,,
2017_BLR,,,,,
2018_BLR,,,,,
2019_BLR,,,,,
2020_BLR,,,,,
2021_BLR,,,,,
2022_BLR,,,,,
2023_BLR,,,,,
2024_BLR,,,,,
2000_BEL,,,,,
2001_BEL,,,,,
2002_BEL,,,,,
2003_BEL,,,,,
2004_BEL,,,,,
2005_BEL,,,,,
2006_BEL,,,,,
2007_BEL,,,,,
2008_BEL,,,,,
2009_BEL,,,,,
2010_BEL,,,,,
2011_BEL,,,,,
2012_BEL,,,,,
2013_BEL,,,,,
2014_BEL,,,,,
2015_BEL,,,,,
2016_BEL,,,,,
2017_BEL,,,,,
2018_BEL,,,,,
2019_BEL,,,,,
2020_BEL,,,,,
2021_BEL,,,,,
2022_BEL,,,,,
2023_BEL,,,,,
2024_BEL,,,,,
2000_BLZ,,,,,
2001_BLZ,,,,,
2002_BLZ,,,,,
2003_BLZ,,,,,
2004_BLZ,,,,,
2005_BLZ,,,,,
2006_BLZ,,,,,
2007_BLZ,,,,,
2008_BLZ,,,,,
2009_BLZ,,,,,
2010_BLZ,,,,,
2011_BLZ,,,,,
2012_BLZ,,,,,
2013_BLZ,,,,,
2014_BLZ,,,,,
2015_BLZ,,,,,
2016_BLZ,,,,,
2017_BLZ,,,,,
2018_BLZ,,,,,
2019_BLZ,,,,,
2020_BLZ,,,,,
2021_BLZ,,,,,
2022_BLZ,,,,,
2023_BLZ,,,,,
2024_BLZ,,,,,
2000_BEN,,,,,
2001_BEN,,,,,
2002_BEN,,,,,
2003_BEN,,,,,
2004_BEN,,,,,
2005_BEN,,,,,
2006_BEN,,,,,
2007_BEN,,,,,
2008_BEN,,,,,
2009_BEN,,,,,
2010_BEN,,,,,
2011_BEN,,,,,
2012_BEN,,,,,
2013_BEN,,,,,
2014_BEN,,,,,
2015_BEN,,,,,
2016_BEN,,,,,
2017_BEN,,,,,
2018_BEN,,,,,
2019_BEN,,,,,
2020_BEN,,,,,
2021_BEN,,,,,
2022_BEN,,,,,
2023_BEN,,,,,
2024_BEN,,,,,
2000_BMU,,,,,
2001_BMU,,,,,
2002_BMU,,,,,
2003_BMU,,,,,
2004_BMU,,,,,
2005_BMU,,,,,
2006_BMU,,,,,
2007_BMU,,,,,
2008_BMU,,,,,
2009_BMU,,,,,
2010_BMU,,,,,
2011_BMU,,,,,
2012_BMU,,,,,
2013_BMU,,,,,
2014_BMU,,,,,
2015_BMU,,,,,
2016_BMU,,,,,
2017_BMU,,,,,
2018_BMU,,,,,
2019_BMU,,,,,
2020_BMU,,,,,
2021_BMU,,,,,
2022_BMU,,,,,
2023_BMU,,,,,
2024_BMU,,,,,
2000_BTN,,,,,
2001_BTN,,,,,
2002_BTN,,,,,
2003_BTN,,,,,
2004_BTN,,,,,
2005_BTN,,,,,
2006_BTN,,,,,
2007_BTN,,,,,
2008_BTN,,,,,
2009_BTN,,,,,
2010_BTN,,,,,
2011_BTN,,,,,
2012_BTN,,,,,
2013_BTN,,,,,
2014_BTN,,,,,
2015_BTN,,,,,
2016_BTN,,,,,
2017_BTN,,,,,
2018_BTN,,,,,
2019_BTN,,,,,
2020_BTN,,,,,
2021_BTN,,,,,
2022_BTN,,,,,
2023_BTN,,,,,
2024_BTN,,,,,
2000_BOL,,,,,
2001_BOL,,,,,
2002_BOL,,,,,
2003_BOL,,,,,
2004_BOL,,,,,
2005_BOL,,,,,
2006_BOL,,,,,
2007_BOL,,,,,
2008_BOL,,,,,
2009_BOL,,,,,
2010_BOL,,,,,
2011_BOL,,,,,
2012_BOL,,,,,
2013_BOL,,,,,
2014_BOL,,,,,
2015_BOL,,,,,
2016_BOL,,,,,
2017_BOL,,,,,
2018_BOL,,,,,
2019_BOL,,,,,
2020_BOL,,,,,
2021_BOL,,,,,
2022_BOL,,,,,
2023_BOL,,,,,
2024_BOL,,,,,
2000_BIH,,,,,
2001_BIH,,,,,
2002_BIH,,,,,
2003_BIH,,,,,
2004_BIH,,,,,
2005_BIH,,,,,
2006_BIH,,,,,
2007_BIH,,,,,
2008_BIH,,,,,
2009_BIH,,,,,
2010_BIH,,,,,
2011_BIH,,,,,
2012_BIH,,,,,
2013_BIH,,,,,
2014_BIH,,,,,
2015_BIH,,,,,
2016_BIH,,,,,
2017_BIH,,,,,
2018_BIH,,,,,
2019_BIH,,,,,
2020_BIH,,,,,
2021_BIH,,,,,
2022_BIH,,,,,
2023_BIH,,,,,
2024_BIH,,,,,
2000_BWA,,,,,
2001_BWA,,,,,
2002_BWA,,,,,
2003_BWA,,,,,
2004_BWA,,,,,
2005_BWA,,,,,
2006_BWA,,,,,
2007_BWA,,,,,
2008_BWA,,,,,
2009_BWA,,,,,
2010_BWA,,,,,
2011_BWA,,,,,
2012_BWA,,,,,
2013_BWA,,,,,
2014_BWA,,,,,
2015_BWA,,,,,
2016_BWA,,,,,
2017_BWA,,,,,
2018_BWA,,,,,
2019_BWA,,,,,
2020_BWA,,,,,
2021_BWA,,,,,
2022_BWA,,,,,
2023_BWA,,,,,
2024_BWA,,,,,
2000_BRA,,,,,
2001_BRA,,,,,
2002_BRA,,,,,
2003_BRA,,,,,
2004_BRA,,,,,
2005_BRA,,,,,
2006_BRA,,,,,
2007_BRA,,,,,
2008_BRA,,,,,
2009_BRA,,,,,
2010_BRA,,,,,
2011_BRA,,,,,
2012_BRA,,,,,
2013_BRA,,,,,
2014_BRA,,,,,
2015_BRA,,,,,
2016_BRA,,,,,
2017_BRA,,,,,
2018_BRA,,,,,
2019_BRA,,,,,
2020_BRA,,,,,
2021_BRA,,,,,
2022_BRA,,,,,
2023_BRA,,,,,
2024_BRA,,,,,
2000_BRN,,,,,
2001_BRN,,,,,
2002_BRN,,,,,
2003_BRN,,,,,
2004_BRN,,,,,
2005_BRN,,,,,
2006_BRN,,,,,
2007_BRN,,,,,
2008_BRN,,,,,
2009_BRN,,,,,
2010_BRN,,,,,
2011_BRN,,,,,
2012_BRN,,,,,
2013_BRN,,,,,
2014_BRN,,,,,
2015_BRN,,,,,
2016_BRN,,,,,
2017_BRN,,,,,
2018_BRN,,,,,
2019_BRN,,,,,
2020_BRN,,,,,
2021_BRN,,,,,
2022_BRN,,,,,
2023_BRN,,,,,
2024_BRN,,,,,
2000_BGR,,,,,
2001_BGR,,,,,
2002_BGR,,,,,
2003_BGR,,,,,
2004_BGR,,,,,
2005_BGR,,,,,
2006_BGR,,,,,
2007_BGR,,,,,
2008_BGR,,,,,
2009_BGR,,,,,
2010_BGR,,,,,
2011_BGR,,,,,
2012_BGR,,,,,
2013_BGR,,,,,
2014_BGR,,,,,
2015_BGR,,,,,
2016_BGR,,,,,
2017_BGR,,,,,
2018_BGR,,,,,
2019_BGR,,,,,
2020_BGR,,,,,
2021_BGR,,,,,
2022_BGR,,,,,
2023_BGR,,,,,
2024_BGR,,,,,
2000_BFA,,,,,
2001_BFA,,,,,
2002_BFA,,,,,
2003_BFA,,,,,
2004_BFA,,,,,
2005_BFA,,,,,
2006_BFA,,,,,
2007_BFA,,,,,
2008_BFA,,,,,
2009_BFA,,,,,
2010_BFA,,,,,
2011_BFA,,,,,
2012_BFA,,,,,
2013_BFA,,,,,
2014_BFA,,,,,
2015_BFA,,,,,
2016_BFA,,,,,
2017_BFA,,,,,
2018_BFA,,,,,
2019_BFA,,,,,
2020_BFA,,,,,
2021_BFA,,,,,
2022_BFA,,,,,
2023_BFA,,,,,
2024_BFA,,,,,
2000_BDI,,,,,
2001_BDI,,,,,
2002_BDI,,,,,
2003_BDI,,,,,
2004_BDI,,,,,
2005_BDI,,,,,
2006_BDI,,,,,
2007_BDI,,,,,
2008_BDI,,,,,
2009_BDI,,,,,
2010_BDI,,,,,
2011_BDI,,,,,
2012_BDI,,,,,
2013_BDI,,,,,
2014_BDI,,,,,
2015_BDI,,,,,
2016_BDI,,,,,
2017_BDI,,,,,
2018_BDI,,,,,
2019_BDI,,,,,
2020_BDI,,,,,
2021_BDI,,,,,
2022_BDI,,,,,
2023_BDI,,,,,
2024_BDI,,,,,
2000_CPV,,,,,
2001_CPV,,,,,
2002_CPV,,,,,
2003_CPV,,,,,
2004_CPV,,,,,
2005_CPV,,,,,
2006_CPV,,,,,
2007_CPV,,,,,
2008_CPV,,,,,
2009_CPV,,,,,
2010_CPV,,,,,
2011_CPV,,,,,
2012_CPV,,,,,
2013_CPV,,,,,
2014_CPV,,,,,
2015_CPV,,,,,
2016_CPV,,,,,
2017_CPV,,,,,
2018_CPV,,,,,
2019_CPV,,,,,
2020_CPV,,,,,
2021_CPV,,,,,
2022_CPV,,,,,
2023_CPV,,,,,
2024_CPV,,,,,
2000_KHM,,,,,
2001_KHM,,,,,
2002_KHM,,,,,
2003_KHM,,,,,
2004_KHM,,,,,
2005_KHM,,,,,
2006_KHM,,,,,
2007_KHM,,,,,
2008_KHM,,,,,
2009_KHM,,,,,
2010_KHM,,,,,
2011_KHM,,,,,
2012_KHM,,,,,
2013_KHM,,,,,
2014_KHM,,,,,
2015_KHM,,,,,
2016_KHM,,,,,
2017_KHM,,,,,
2018_KHM,,,,,
2019_KHM,,,,,
2020_KHM,,,,,
2021_KHM,,,,,
2022_KHM,,,,,
2023_KHM,,,,,
2024_KHM,,,,,
2000_CMR,,,,,
2001_CMR,,,,,
2002_CMR,,,,,
2003_CMR,,,,,
2004_CMR,,,,,
2005_CMR,,,,,
2006_CMR,,,,,
2007_CMR,,,,,
2008_CMR,,,,,
2009_CMR,,,,,
2010_CMR,,,,,
2011_CMR,,,,,
2012_CMR,,,,,
2013_CMR,,,,,
2014_CMR,,,,,
2015_CMR,,,,,
2016_CMR,,,,,
2017_CMR,,,,,
2018_CMR,,,,,
2019_CMR,,,,,
2020_CMR,,,,,
2021_CMR,,,,,
2022_CMR,,,,,
2023_CMR,,,,,
2024_CMR,,,,,
2000_CAN,,,,,
2001_CAN,,,,,
2002_CAN,,,,,
2003_CAN,,,,,
2004_CAN,,,,,
2005_CAN,,,,,
2006_CAN,,,,,
2007_CAN,,,,,
2008_CAN,,,,,
2009_CAN,,,,,
2010_CAN,,,,,
2011_CAN,,,,,
2012_CAN,,,,,
2013_CAN,,,,,
2014_CAN,,,,,
2015_CAN,,,,,
2016_CAN,,,,,
2017_CAN,,,,,
2018_CAN,,,,,
2019_CAN,,,,,
2020_CAN,,,,,
2021_CAN,,,,,
2022_CAN,,,,,
2023_CAN,,,,,
2024_CAN,,,,,
2007_CYM,,,,,
2008_CYM,,,,,
2009_CYM,,,,,
2010_CYM,,,,,
2011_CYM,,,,,
2012_CYM,,,,,
2013_CYM,,,,,
2014_CYM,,,,,
2015_CYM,,,,,
2016_CYM,,,,,
2017_CYM,,,,,
2018_CYM,,,,,
2019_CYM,,,,,
2020_CYM,,,,,
2021_CYM,,,,,
2022_CYM,,,,,
2023_CYM,,,,,
2000_CAF,,,,,
2001_CAF,,,,,
2002_CAF,,,,,
2003_CAF,,,,,
2004_CAF,,,,,
2005_CAF,,,,,
2006_CAF,,,,,
2007_CAF,,,,,
2008_CAF,,,,,
2009_CAF,,,,,
2010_CAF,,,,,
2011_CAF,,,,,
2012_CAF,,,,,
2013_CAF,,,,,
2014_CAF,,,,,
2015_CAF,,,,,
2016_CAF,,,,,
2017_CAF,,,,,
2018_CAF,,,,,
2019_CAF,,,,,
2020_CAF,,,,,
2021_CAF,,,,,
2022_CAF,,,,,
2023_CAF,,,,,
2024_CAF,,,,,
2000_TCD,,,,,
2001_TCD,,,,,
2002_TCD,,,,,
2003_TCD,,,,,
2004_TCD,,,,,
2005_TCD,,,,,
2006_TCD,,,,,
2007_TCD,,,,,
2008_TCD,,,,,
2009_TCD,,,,,
2010_TCD,,,,,
2011_TCD,,,,,
2012_TCD,,,,,
2013_TCD,,,,,
2014_TCD,,,,,
2015_TCD,,,,,
2016_TCD,,,,,
2017_TCD,,,,,
2018_TCD,,,,,
2019_TCD,,,,,
2020_TCD,,,,,
2021_TCD,,,,,
2022_TCD,,,,,
2023_TCD,,,,,
2024_TCD,,,,,
2010_CHI,,,,,
2011_CHI,,,,,
2012_CHI,,,,,
2013_CHI,,,,,
2014_CHI,,,,,
2015_CHI,,,,,
2016_CHI,,,,,
2017_CHI,,,,,
2018_CHI,,,,,
2019_CHI,,,,,
2020_CHI,,,,,
2021_CHI,,,,,
2022_CHI,,,,,
2023_CHI,,,,,
2000_CHL,,,,,
2001_CHL,,,,,
2002_CHL,,,,,
2003_CHL,,,,,
2004_CHL,,,,,
2005_CHL,,,,,
2006_CHL,,,,,
2007_CHL,,,,,
2008_CHL,,,,,
2009_CHL,,,,,
2010_CHL,,,,,
2011_CHL,,,,,
2012_CHL,,,,,
2013_CHL,,,,,
2014_CHL,,,,,
2015_CHL,,,,,
2016_CHL,,,,,
2017_CHL,,,,,
2018_CHL,,,,,
2019_CHL,,,,,
2020_CHL,,,,,
2021_CHL,,,,,
2022_CHL,,,,,
2023_CHL,,,,,
2024_CHL,,,,,
2000_CHN,,,,,
2001_CHN,,,,,
2002_CHN,,,,,
2003_CHN,,,,,
2004_CHN,,,,,
2005_CHN,,,,,
2006_CHN,,,,,
2007_CHN,,,,,
2008_CHN,,,,,
2009_CHN,,,,,
2010_CHN,,,,,
2011_CHN,,,,,
2012_CHN,,,,,
2013_CHN,,,,,
2014_CHN,,,,,
2015_CHN,,,,,
2016_CHN,,,,,
2017_CHN,,,,,
2018_CHN,,,,,
2019_CHN,,,,,
2020_CHN,,,,,
2021_CHN,,,,,
2022_CHN,,,,,
2023_CHN,,,,,
2024_CHN,,,,,
2000_COL,,,,,
2001_COL,,,,,
2002_COL,,,,,
2003_COL,,,,,
2004_COL,,,,,
2005_COL,,,,,
2006_COL,,,,,
2007_COL,,,,,
2008_COL,,,,,
2009_COL,,,,,
2010_COL,,,,,
2011_COL,,,,,
2012_COL,,,,,
2013_COL,,,,,
2014_COL,,,,,
2015_COL,,,,,
2016_COL,,,,,
2017_COL,,,,,
2018_COL,,,,,
2019_COL,,,,,
2020_COL,,,,,
2021_COL,,,,,
2022_COL,,,,,
2023_COL,,,,,
2024_COL,,,,,
2000_COM,,,,,
2001_COM,,,,,
2002_COM,,,,,
2003_COM,,,,,
2004_COM,,,,,
2005_COM,,,,,
2006_COM,,,,,
2007_COM,,,,,
2008_COM,,,,,
2009_COM,,,,,
2010_COM,,,,,
2011_COM,,,,,
2012_COM,,,,,
2013_COM,,,,,
2014_COM,,,,,
2015_COM,,,,,
2016_COM,,,,,
2017_COM,,,,,
2018_COM,,,,,
2019_COM,,,,,
2020_COM,,,,,
2021_COM,,,,,
2022_COM,,,,,
2023_COM,,,,,
2024_COM,,,,,
2000_COD,,,,,
2001_COD,,,,,
2002_COD,,,,,
2003_COD,,,,,
2004_COD,,,,,
2005_COD,,,,,
2006_COD,,,,,
2007_COD,,,,,
2008_COD,,,,,
2009_COD,,,,,
2010_COD,,,,,
2011_COD,,,,,
2012_COD,,,,,
2013_COD,,,,,
2014_COD,,,,,
2015_COD,,,,,
2016_COD,,,,,
2017_COD,,,,,
2018_COD,,,,,
2019_COD,,,,,
2020_COD,,,,,
2021_COD,,,,,
2022_COD,,,,,
2023_COD,,,,,
2024_COD,,,,,
2000_COG,,,,,
2001_COG,,,,,
2002_COG,,,,,
2003_COG,,,,,
2004_COG,,,,,
2005_COG,,,,,
2006_COG,,,,,
2007_COG,,,,,
2008_COG,,,,,
2009_COG,,,,,
2010_COG,,,,,
2011_COG,,,,,
2012_COG,,,,,
2013_COG,,,,,
2014_COG,,,,,
2015_COG,,,,,
2016_COG,,,,,
2017_COG,,,,,
2018_COG,,,,,
2019_COG,,,,,
2020_COG,,,,,
2021_COG,,,,,
2022_COG,,,,,
2023_COG,,,,,
2024_COG,,,,,
2000_CRI,,,,,
2001_CRI,,,,,
2002_CRI,,,,,
2003_CRI,,,,,
2004_CRI,,,,,
2005_CRI,,,,,
2006_CRI,,,,,
2007_CRI,,,,,
2008_CRI,,,,,
2009_CRI,,,,,
2010_CRI,,,,,
2011_CRI,,,,,
2012_CRI,,,,,
2013_CRI,,,,,
2014_CRI,,,,,
2015_CRI,,,,,
2016_CRI,,,,,
2017_CRI,,,,,
2018_CRI,,,,,
2019_CRI,,,,,
2020_CRI,,,,,
2021_CRI,,,,,
2022_CRI,,,,,
2023_CRI,,,,,
2024_CRI,,,,,
2000_CIV,,,,,
2001_CIV,,,,,
2002_CIV,,,,,
2003_CIV,,,,,
2004_CIV,,,,,
2005_CIV,,,,,
2006_CIV,,,,,
2007_CIV,,,,,
2008_CIV,,,,,
2009_CIV,,,,,
2010_CIV,,,,,
2011_CIV,,,,,
2012_CIV,,,,,
2013_CIV,,,,,
2014_CIV,,,,,
2015_CIV,,,,,
2016_CIV,,,,,
2017_CIV,,,,,
2018_CIV,,,,,
2019_CIV,,,,,
2020_CIV,,,,,
2021_CIV,,,,,
2022_CIV,,,,,
2023_CIV,,,,,
2024_CIV,,,,,
2000_HRV,,,,,
2001_HRV,,,,,
2002_HRV,,,,,
2003_HRV,,,,,
2004_HRV,,,,,
2005_HRV,,,,,
2006_HRV,,,,,
2007_HRV,,,,,
2008_HRV,,,,,
2009_HRV,,,,,
2010_HRV,,,,,
2011_HRV,,,,,
2012_HRV,,,,,
2013_HRV,,,,,
2014_HRV,,,,,
2015_HRV,,,,,
2016_HRV,,,,,
2017_HRV,,,,,
2018_HRV,,,,,
2019_HRV,,,,,
2020_HRV,,,,,
2021_HRV,,,,,
2022_HRV,,,,,
2023_HRV,,,,,
2024_HRV,,,,,
2000_CUB,,,,,
2001_CUB,,,,,
2002_CUB,,,,,
2003_CUB,,,,,
2004_CUB,,,,,
2005_CUB,,,,,
2006_CUB,,,,,
2007_CUB,,,,,
2008_CUB,,,,,
2009_CUB,,,,,
2010_CUB,,,,,
2011_CUB,,,,,
2012_CUB,,,,,
2013_CUB,,,,,
2014_CUB,,,,,
2015_CUB,,,,,
2016_CUB,,,,,
2017_CUB,,,,,
2018_CUB,,,,,
2019_CUB,,,,,
2020_CUB,,,,,
2021_CUB,,,,,
2022_CUB,,,,,
2023_CUB,,,,,
2024_CUB,,,,,
2001_CUW,,,,,
2002_CUW,,,,,
2003_CUW,,,,,
2004_CUW,,,,,
2005_CUW,,,,,
2006_CUW,,,,,
2007_CUW,,,,,
2008_CUW,,,,,
2009_CUW,,,,,
2010_CUW,,,,,
2011_CUW,,,,,
2012_CUW,,,,,
2013_CUW,,,,,
2014_CUW,,,,,
2015_CUW,,,,,
2016_CUW,,,,,
2017_CUW,,,,,
2018_CUW,,,,,
2019_CUW,,,,,
2020_CUW,,,,,
2021_CUW,,,,,
2022_CUW,,,,,
2023_CUW,,,,,
2024_CUW,,,,,
2000_CYP,,,,,
2001_CYP,,,,,
2002_CYP,,,,,
2003_CYP,,,,,
2004_CYP,,,,,
2005_CYP,,,,,
2006_CYP,,,,,
2007_CYP,,,,,
2008_CYP,,,,,
2009_CYP,,,,,
2010_CYP,,,,,
2011_CYP,,,,,
2012_CYP,,,,,
2013_CYP,,,,,
2014_CYP,,,,,
2015_CYP,,,,,
2016_CYP,,,,,
2017_CYP,,,,,
2018_CYP,,,,,
2019_CYP,,,,,
2020_CYP,,,,,
2021_CYP,,,,,
2022_CYP,,,,,
2023_CYP,,,,,
2024_CYP,,,,,
2000_CZE,,,,,
2001_CZE,,,,,
2002_CZE,,,,,
2003_CZE,,,,,
2004_CZE,,,,,
2005_CZE,,,,,
2006_CZE,,,,,
2007_CZE,,,,,
2008_CZE,,,,,
2009_CZE,,,,,
2010_CZE,,,,,
2011_CZE,,,,,
2012_CZE,,,,,
2013_CZE,,,,,
2014_CZE,,,,,
2015_CZE,,,,,
2016_CZE,,,,,
2017_CZE,,,,,
2018_CZE,,,,,
2019_CZE,,,,,
2020_CZE,,,,,
2021_CZE,,,,,
2022_CZE,,,,,
2023_CZE,,,,,
2024_CZE,,,,,
2000_DNK,,,,,
2001_DNK,,,,,
2002_DNK,,,,,
2003_DNK,,,,,
2004_DNK,,,,,
2005_DNK,,,,,
2006_DNK,,,,,
2007_DNK,,,,,
2008_DNK,,,,,
2009_DNK,,,,,
2010_DNK,,,,,
2011_DNK,,,,,
2012_DNK,,,,,
2013_DNK,,,,,
2014_DNK,,,,,
2015_DNK,,,,,
2016_DNK,,,,,
2017_DNK,,,,,
2018_DNK,,,,,
2019_DNK,,,,,
2020_DNK,,,,,
2021_DNK,,,,,
2022_DNK,,,,,
2023_DNK,,,,,
2024_DNK,,,,,
2001_DJI,,,,,
2002_DJI,,,,,
2003_DJI,,,,,
2004_DJI,,,,,
2005_DJI,,,,,
2006_DJI,,,,,
2007_DJI,,,,,
2008_DJI,,,,,
2009_DJI,,,,,
2010_DJI,,,,,
2011_DJI,,,,,
2012_DJI,,,,,
2013_DJI,,,,,
2014_DJI,,,,,
2015_DJI,,,,,
2016_DJI,,,,,
2017_DJI,,,,,
2018_DJI,,,,,
2019_DJI,,,,,
2020_DJI,,,,,
2021_DJI,,,,,
2022_DJI,,,,,
2023_DJI,,,,,
2024_DJI,,,,,
2000_DMA,,,,,
2001_DMA,,,,,
2002_DMA,,,,,
2003_DMA,,,,,
2004_DMA,,,,,
2005_DMA,,,,,
2006_DMA,,,,,
2007_DMA,,,,,
2008_DMA,,,,,
2009_DMA,,,,,
2010_DMA,,,,,
2011_DMA,,,,,
2012_DMA,,,,,
2013_DMA,,,,,
2014_DMA,,,,,
2015_DMA,,,,,
2016_DMA,,,,,
2017_DMA,,,,,
2018_DMA,,,,,
2019_DMA,,,,,
2020_DMA,,,,,
2021_DMA,,,,,
2022_DMA,,,,,
2023_DMA,,,,,
2024_DMA,,,,,
2000_DOM,,,,,
2001_DOM,,,,,
2002_DOM,,,,,
2003_DOM,,,,,
2004_DOM,,,,,
2005_DOM,,,,,
2006_DOM,,,,,
2007_DOM,,,,,
2008_DOM,,,,,
2009_DOM,,,,,
2010_DOM,,,,,
2011_DOM,,,,,
2012_DOM,,,,,
2013_DOM,,,,,
2014_DOM,,,,,
2015_DOM,,,,,
2016_DOM,,,,,
2017_DOM,,,,,
2018_DOM,,,,,
2019_DOM,,,,,
2020_DOM,,,,,
2021_DOM,,,,,
2022_DOM,,,,,
2023_DOM,,,,,
2024_DOM,,,,,
2000_ECU,,,,,
2001_ECU,,,,,
2002_ECU,,,,,
2003_ECU,,,,,
2004_ECU,,,,,
2005_ECU,,,,,
2006_ECU,,,,,
2007_ECU,,,,,
2008_ECU,,,,,
2009_ECU,,,,,
2010_ECU,,,,,
2011_ECU,,,,,
2012_ECU,,,,,
2013_ECU,,,,,
2014_ECU,,,,,
2015_ECU,,,,,
2016_ECU,,,,,
2017_ECU,,,,,
2018_ECU,,,,,
2019_ECU,,,,,
2020_ECU,,,,,
2021_ECU,,,,,
2022_ECU,,,,,
2023_ECU,,,,,
2024_ECU,,,,,
2000_EGY,,,,,
2001_EGY,,,,,
2002_EGY,,,,,
2003_EGY,,,,,
2004_EGY,,,,,
2005_EGY,,,,,
2006_EGY,,,,,
2007_EGY,,,,,
2008_EGY,,,,,
2009_EGY,,,,,
2010_EGY,,,,,
2011_EGY,,,,,
2012_EGY,,,,,
2013_EGY,,,,,
2014_EGY,,,,,
2015_EGY,,,,,
2016_EGY,,,,,
2017_EGY,,,,,
2018_EGY,,,,,
2019_EGY,,,,,
2020_EGY,,,,,
2021_EGY,,,,,
2022_EGY,,,,,
2023_EGY,,,,,
2024_EGY,,,,,
2000_SLV,,,,,
2001_SLV,,,,,
2002_SLV,,,,,
2003_SLV,,,,,
2004_SLV,,,,,
2005_SLV,,,,,
2006_SLV,,,,,
2007_SLV,,,,,
2008_SLV,,,,,
2009_SLV,,,,,
2010_SLV,,,,,
2011_SLV,,,,,
2012_SLV,,,,,
2013_SLV,,,,,
2014_SLV,,,,,
2015_SLV,,,,,
2016_SLV,,,,,
2017_SLV,,,,,
2018_SLV,,,,,
2019_SLV,,,,,
2020_SLV,,,,,
2021_SLV,,,,,
2022_SLV,,,,,
2023_SLV,,,,,
2024_SLV,,,,,
2000_GNQ,,,,,
2001_GNQ,,,,,
2002_GNQ,,,,,
2003_GNQ,,,,,
2004_GNQ,,,,,
2005_GNQ,,,,,
2006_GNQ,,,,,
2007_GNQ,,,,,
2008_GNQ,,,,,
2009_GNQ,,,,,
2010_GNQ,,,,,
2011_GNQ,,,,,
2012_GNQ,,,,,
2013_GNQ,,,,,
2014_GNQ,,,,,
2015_GNQ,,,,,
2016_GNQ,,,,,
2017_GNQ,,,,,
2018_GNQ,,,,,
2019_GNQ,,,,,
2020_GNQ,,,,,
2021_GNQ,,,,,
2022_GNQ,,,,,
2023_GNQ,,,,,
2024_GNQ,,,,,
2000_ERI,,,,,
2001_ERI,,,,,
2002_ERI,,,,,
2003_ERI,,,,,
2004_ERI,,,,,
2005_ERI,,,,,
2006_ERI,,,,,
2007_ERI,,,,,
2008_ERI,,,,,
2009_ERI,,,,,
2010_ERI,,,,,
2011_ERI,,,,,
2000_EST,,,,,
2001_EST,,,,,
2002_EST,,,,,
2003_EST,,,,,
2004_EST,,,,,
2005_EST,,,,,
2006_EST,,,,,
2007_EST,,,,,
2008_EST,,,,,
2009_EST,,,,,
2010_EST,,,,,
2011_EST,,,,,
2012_EST,,,,,
2013_EST,,,,,
2014_EST,,,,,
2015_EST,,,,,
2016_EST,,,,,
2017_EST,,,,,
2018_EST,,,,,
2019_EST,,,,,
2020_EST,,,,,
2021_EST,,,,,
2022_EST,,,,,
2023_EST,,,,,
2024_EST,,,,,
2000_SWZ,,,,,
2001_SWZ,,,,,
2002_SWZ,,,,,
2003_SWZ,,,,,
2004_SWZ,,,,,
2005_SWZ,,,,,
2006_SWZ,,,,,
2007_SWZ,,,,,
2008_SWZ,,,,,
2009_SWZ,,,,,
2010_SWZ,,,,,
2011_SWZ,,,,,
2012_SWZ,,,,,
2013_SWZ,,,,,
2014_SWZ,,,,,
2015_SWZ,,,,,
2016_SWZ,,,,,
2017_SWZ,,,,,
2018_SWZ,,,,,
2019_SWZ,,,,,
2020_SWZ,,,,,
2021_SWZ,,,,,
2022_SWZ,,,,,
2023_SWZ,,,,,
2024_SWZ,,,,,
2000_ETH,,,,,
2001_ETH,,,,,
2002_ETH,,,,,
2003_ETH,,,,,
2004_ETH,,,,,
2005_ETH,,,,,
2006_ETH,,,,,
2007_ETH,,,,,
2008_ETH,,,,,
2009_ETH,,,,,
2010_ETH,,,,,
2011_ETH,,,,,
2012_ETH,,,,,
2013_ETH,,,,,
2014_ETH,,,,,
2015_ETH,,,,,
2016_ETH,,,,,
2017_ETH,,,,,
2018_ETH,,,,,
2019_ETH,,,,,
2020_ETH,,,,,
2021_ETH,,,,,
2022_ETH,,,,,
2023_ETH,,,,,
2024_ETH,,,,,
2009_FRO,,,,,
2010_FRO,,,,,
2011_FRO,,,,,
2012_FRO,,,,,
2013_FRO,,,,,
2014_FRO,,,,,
2015_FRO,,,,,
2016_FRO,,,,,
2017_FRO,,,,,
2018_FRO,,,,,
2019_FRO,,,,,
2020_FRO,,,,,
2021_FRO,,,,,
2022_FRO,,,,,
2023_FRO,,,,,
2024_FRO,,,,,
2000_FJI,,,,,
2001_FJI,,,,,
2002_FJI,,,,,
2003_FJI,,,,,
2004_FJI,,,,,
2005_FJI,,,,,
2006_FJI,,,,,
2007_FJI,,,,,
2008_FJI,,,,,
2009_FJI,,,,,
2010_FJI,,,,,
2011_FJI,,,,,
2012_FJI,,,,,
2013_FJI,,,,,
2014_FJI,,,,,
2015_FJI,,,,,
2016_FJI,,,,,
2017_FJI,,,,,
2018_FJI,,,,,
2019_FJI,,,,,
2020_FJI,,,,,
2021_FJI,,,,,
2022_FJI,,,,,
2023_FJI,,,,,
2024_FJI,,,,,
2000_FIN,,,,,
2001_FIN,,,,,
2002_FIN,,,,,
2003_FIN,,,,,
2004_FIN,,,,,
2005_FIN,,,,,
2006_FIN,,,,,
2007_FIN,,,,,
2008_FIN,,,,,
2009_FIN,,,,,
2010_FIN,,,,,
2011_FIN,,,,,
2012_FIN,,,,,
2013_FIN,,,,,
2014_FIN,,,,,
2015_FIN,,,,,
2016_FIN,,,,,
2017_FIN,,,,,
2018_FIN,,,,,
2019_FIN,,,,,
2020_FIN,,,,,
2021_FIN,,,,,
2022_FIN,,,,,
2023_FIN,,,,,
2024_FIN,,,,,
2000_FRA,,,,,
2001_FRA,,,,,
2002_FRA,,,,,
2003_FRA,,,,,
2004_FRA,,,,,
2005_FRA,,,,,
2006_FRA,,,,,
2007_FRA,,,,,
2008_FRA,,,,,
2009_FRA,,,,,
2010_FRA,,,,,
2011_FRA,,,,,
2012_FRA,,,,,
2013_FRA,,,,,
2014_FRA,,,,,
2015_FRA,,,,,
2016_FRA,,,,,
2017_FRA,,,,,
2018_FRA,,,,,
2019_FRA,,,,,
2020_FRA,,,,,
2021_FRA,,,,,
2022_FRA,,,,,
2023_FRA,,,,,
2024_FRA,,,,,
2000_PYF,,,,,
2001_PYF,,,,,
2002_PYF,,,,,
2003_PYF,,,,,
2004_PYF,,,,,
2005_PYF,,,,,
2006_PYF,,,,,
2007_PYF,,,,,
2008_PYF,,,,,
2009_PYF,,,,,
2010_PYF,,,,,
2011_PYF,,,,,
2012_PYF,,,,,
2013_PYF,,,,,
2014_PYF,,,,,
2015_PYF,,,,,
2016_PYF,,,,,
2017_PYF,,,,,
2018_PYF,,,,,
2019_PYF,,,,,
2020_PYF,,,,,
2021_PYF,,,,,
2022_PYF,,,,,
2023_PYF,,,,,
2024_PYF,,,,,
2000_GAB,,,,,
2001_GAB,,,,,
2002_GAB,,,,,
2003_GAB,,,,,
2004_GAB,,,,,
2005_GAB,,,,,
2006_GAB,,,,,
2007_GAB,,,,,
2008_GAB,,,,,
2009_GAB,,,,,
2010_GAB,,,,,
2011_GAB,,,,,
2012_GAB,,,,,
2013_GAB,,,,,
2014_GAB,,,,,
2015_GAB,,,,,
2016_GAB,,,,,
2017_GAB,,,,,
2018_GAB,,,,,
2019_GAB,,,,,
2020_GAB,,,,,
2021_GAB,,,,,
2022_GAB,,,,,
2023_GAB,,,,,
2024_GAB,,,,,
2000_GMB,,,,,
2001_GMB,,,,,
2002_GMB,,,,,
2003_GMB,,,,,
2004_GMB,,,,,
2005_GMB,,,,,
2006_GMB,,,,,
2007_GMB,,,,,
2008_GMB,,,,,
2009_GMB,,,,,
2010_GMB,,,,,
2011_GMB,,,,,
2012_GMB,,,,,
2013_GMB,,,,,
2014_GMB,,,,,
2015_GMB,,,,,
2016_GMB,,,,,
2017_GMB,,,,,
2018_GMB,,,,,
2019_GMB,,,,,
2020_GMB,,,,,
2021_GMB,,,,,
2022_GMB,,,,,
2023_GMB,,,,,
2024_GMB,,,,,
2000_GEO,,,,,
2001_GEO,,,,,
2002_GEO,,,,,
2003_GEO,,,,,
2004_GEO,,,,,
2005_GEO,,,,,
2006_GEO,,,,,
2007_GEO,,,,,
2008_GEO,,,,,
2009_GEO,,,,,
2010_GEO,,,,,
2011_GEO,,,,,
2012_GEO,,,,,
2013_GEO,,,,,
2014_GEO,,,,,
2015_GEO,,,,,
2016_GEO,,,,,
2017_GEO,,,,,
2018_GEO,,,,,
2019_GEO,,,,,
2020_GEO,,,,,
2021_GEO,,,,,
2022_GEO,,,,,
2023_GEO,,,,,
2024_GEO,,,,,
2000_DEU,,,,,
2001_DEU,,,,,
2002_DEU,,,,,
2003_DEU,,,,,
2004_DEU,,,,,
2005_DEU,,,,,
2006_DEU,,,,,
2007_DEU,,,,,
2008_DEU,,,,,
2009_DEU,,,,,
2010_DEU,,,,,
2011_DEU,,,,,
2012_DEU,,,,,
2013_DEU,,,,,
2014_DEU,,,,,
2015_DEU,,,,,
2016_DEU,,,,,
2017_DEU,,,,,
2018_DEU,,,,,
2019_DEU,,,,,
2020_DEU,,,,,
2021_DEU,,,,,
2022_DEU,,,,,
2023_DEU,,,,,
2024_DEU,,,,,
2000_GHA,,,,,
2001_GHA,,,,,
2002_GHA,,,,,
2003_GHA,,,,,
2004_GHA,,,,,
2005_GHA,,,,,
2006_GHA,,,,,
2007_GHA,,,,,
2008_GHA,,,,,
2009_GHA,,,,,
2010_GHA,,,,,
2011_GHA,,,,,
2012_GHA,,,,,
2013_GHA,,,,,
2014_GHA,,,,,
2015_GHA,,,,,
2016_GHA,,,,,
2017_GHA,,,,,
2018_GHA,,,,,
2019_GHA,,,,,
2020_GHA,,,,,
2021_GHA,,,,,
2022_GHA,,,,,
2023_GHA,,,,,
2024_GHA,,,,,
2000_GRC,,,,,
2001_GRC,,,,,
2002_GRC,,,,,
2003_GRC,,,,,
2004_GRC,,,,,
2005_GRC,,,,,
2006_GRC,,,,,
2007_GRC,,,,,
2008_GRC,,,,,
2009_GRC,,,,,
2010_GRC,,,,,
2011_GRC,,,,,
2012_GRC,,,,,
2013_GRC,,,,,
2014_GRC,,,,,
2015_GRC,,,,,
2016_GRC,,,,,
2017_GRC,,,,,
2018_GRC,,,,,
2019_GRC,,,,,
2020_GRC,,,,,
2021_GRC,,,,,
2022_GRC,,,,,
2023_GRC,,,,,
2024_GRC,,,,,
2000_GRL,,,,,
2001_GRL,,,,,
2002_GRL,,,,,
2003_GRL,,,,,
2004_GRL,,,,,
2005_GRL,,,,,
2006_GRL,,,,,
2007_GRL,,,,,
2008_GRL,,,,,
2009_GRL,,,,,
2010_GRL,,,,,
2011_GRL,,,,,
2012_GRL,,,,,
2013_GRL,,,,,
2014_GRL,,,,,
2015_GRL,,,,,
2016_GRL,,,,,
2017_GRL,,,,,
2018_GRL,,,,,
2019_GRL,,,,,
2020_GRL,,,,,
2021_GRL,,,,,
2022_GRL,,,,,
2023_GRL,,,,,
2000_GRD,,,,,
2001_GRD,,,,,
2002_GRD,,,,,
2003_GRD,,,,,
2004_GRD,,,,,
2005_GRD,,,,,
2006_GRD,,,,,
2007_GRD,,,,,
2008_GRD,,,,,
2009_GRD,,,,,
2010_GRD,,,,,
2011_GRD,,,,,
2012_GRD,,,,,
2013_GRD,,,,,
2014_GRD,,,,,
2015_GRD,,,,,
2016_GRD,,,,,
2017_GRD,,,,,
2018_GRD,,,,,
2019_GRD,,,,,
2020_GRD,,,,,
2021_GRD,,,,,
2022_GRD,,,,,
2023_GRD,,,,,
2024_GRD,,,,,
2003_GUM,,,,,
2004_GUM,,,,,
2005_GUM,,,,,
2006_GUM,,,,,
2007_GUM,,,,,
2008_GUM,,,,,
2009_GUM,,,,,
2010_GUM,,,,,
2011_GUM,,,,,
2012_GUM,,,,,
2013_GUM,,,,,
2014_GUM,,,,,
2015_GUM,,,,,
2016_GUM,,,,,
2017_GUM,,,,,
2018_GUM,,,,,
2019_GUM,,,,,
2020_GUM,,,,,
2021_GUM,,,,,
2022_GUM,,,,,
2000_GTM,,,,,
2001_GTM,,,,,
2002_GTM,,,,,
2003_GTM,,,,,
2004_GTM,,,,,
2005_GTM,,,,,
2006_GTM,,,,,
2007_GTM,,,,,
2008_GTM,,,,,
2009_GTM,,,,,
2010_GTM,,,,,
2011_GTM,,,,,
2012_GTM,,,,,
2013_GTM,,,,,
2014_GTM,,,,,
2015_GTM,,,,,
2016_GTM,,,,,
2017_GTM,,,,,
2018_GTM,,,,,
2019_GTM,,,,,
2020_GTM,,,,,
2021_GTM,,,,,
2022_GTM,,,,,
2023_GTM,,,,,
2024_GTM,,,,,
2000_GIN,,,,,
2001_GIN,,,,,
2002_GIN,,,,,
2003_GIN,,,,,
2004_GIN,,,,,
2005_GIN,,,,,
2006_GIN,,,,,
2007_GIN,,,,,
2008_GIN,,,,,
2009_GIN,,,,,
2010_GIN,,,,,
2011_GIN,,,,,
2012_GIN,,,,,
2013_GIN,,,,,
2014_GIN,,,,,
2015_GIN,,,,,
2016_GIN,,,,,
2017_GIN,,,,,
2018_GIN,,,,,
2019_GIN,,,,,
2020_GIN,,,,,
2021_GIN,,,,,
2022_GIN,,,,,
2023_GIN,,,,,
2024_GIN,,,,,
2000_GNB,,,,,
2001_GNB,,,,,
2002_GNB,,,,,
2003_GNB,,,,,
2004_GNB,,,,,
2005_GNB,,,,,
2006_GNB,,,,,
2007_GNB,,,,,
2008_GNB,,,,,
2009_GNB,,,,,
2010_GNB,,,,,
2011_GNB,,,,,
2012_GNB,,,,,
2013_GNB,,,,,
2014_GNB,,,,,
2015_GNB,,,,,
2016_GNB,,,,,
2017_GNB,,,,,
2018_GNB,,,,,
2019_GNB,,,,,
2020_GNB,,,,,
2021_GNB,,,,,
2022_GNB,,,,,
2023_GNB,,,,,
2024_GNB,,,,,
2000_GUY,,,,,
2001_GUY,,,,,
2002_GUY,,,,,
2003_GUY,,,,,
2004_GUY,,,,,
2005_GUY,,,,,
2006_GUY,,,,,
2007_GUY,,,,,
2008_GUY,,,,,
2009_GUY,,,,,
2010_GUY,,,,,
2011_GUY,,,,,
2012_GUY,,,,,
2013_GUY,,,,,
2014_GUY,,,,,
2015_GUY,,,,,
2016_GUY,,,,,
2017_GUY,,,,,
2018_GUY,,,,,
2019_GUY,,,,,
2020_GUY,,,,,
2021_GUY,,,,,
2022_GUY,,,,,
2023_GUY,,,,,
2024_GUY,,,,,
2000_HTI,,,,,
2001_HTI,,,,,
2002_HTI,,,,,
2003_HTI,,,,,
2004_HTI,,,,,
2005_HTI,,,,,
2006_HTI,,,,,
2007_HTI,,,,,
2008_HTI,,,,,
2009_HTI,,,,,
2010_HTI,,,,,
2011_HTI,,,,,
2012_HTI,,,,,
2013_HTI,,,,,
2014_HTI,,,,,
2015_HTI,,,,,
2016_HTI,,,,,
2017_HTI,,,,,
2018_HTI,,,,,
2019_HTI,,,,,
2020_HTI,,,,,
2021_HTI,,,,,
2022_HTI,,,,,
2023_HTI,,,,,
2024_HTI,,,,,
2000_HND,,,,,
2001_HND,,,,,
2002_HND,,,,,
2003_HND,,,,,
2004_HND,,,,,
2005_HND,,,,,
2006_HND,,,,,
2007_HND,,,,,
2008_HND,,,,,
2009_HND,,,,,
2010_HND,,,,,
2011_HND,,,,,
2012_HND,,,,,
2013_HND,,,,,
2014_HND,,,,,
2015_HND,,,,,
2016_HND,,,,,
2017_HND,,,,,
2018_HND,,,,,
2019_HND,,,,,
2020_HND,,,,,
2021_HND,,,,,
2022_HND,,,,,
2023_HND,,,,,
2024_HND,,,,,
2000_HKG,,,,,
2001_HKG,,,,,
2002_HKG,,,,,
2003_HKG,,,,,
2004_HKG,,,,,
2005_HKG,,,,,
2006_HKG,,,,,
2007_HKG,,,,,
2008_HKG,,,,,
2009_HKG,,,,,
2010_HKG,,,,,
2011_HKG,,,,,
2012_HKG,,,,,
2013_HKG,,,,,
2014_HKG,,,,,
2015_HKG,,,,,
2016_HKG,,,,,
2017_HKG,,,,,
2018_HKG,,,,,
2019_HKG,,,,,
2020_HKG,,,,,
2021_HKG,,,,,
2022_HKG,,,,,
2023_HKG,,,,,
2024_HKG,,,,,
2000_HUN,,,,,
2001_HUN,,,,,
2002_HUN,,,,,
2003_HUN,,,,,
2004_HUN,,,,,
2005_HUN,,,,,
2006_HUN,,,,,
2007_HUN,,,,,
2008_HUN,,,,,
2009_HUN,,,,,
2010_HUN,,,,,
2011_HUN,,,,,
2012_HUN,,,,,
2013_HUN,,,,,
2014_HUN,,,,,
2015_HUN,,,,,
2016_HUN,,,,,
2017_HUN,,,,,
2018_HUN,,,,,
2019_HUN,,,,,
2020_HUN,,,,,
2021_HUN,,,,,
2022_HUN,,,,,
2023_HUN,,,,,
2024_HUN,,,,,
2000_ISL,,,,,
2001_ISL,,,,,
2002_ISL,,,,,
2003_ISL,,,,,
2004_ISL,,,,,
2005_ISL,,,,,
2006_ISL,,,,,
2007_ISL,,,,,
2008_ISL,,,,,
2009_ISL,,,,,
2010_ISL,,,,,
2011_ISL,,,,,
2012_ISL,,,,,
2013_ISL,,,,,
2014_ISL,,,,,
2015_ISL,,,,,
2016_ISL,,,,,
2017_ISL,,,,,
2018_ISL,,,,,
2019_ISL,,,,,
2020_ISL,,,,,
2021_ISL,,,,,
2022_ISL,,,,,
2023_ISL,,,,,
2024_ISL,,,,,
2000_IND,,,,,
2001_IND,,,,,
2002_IND,,,,,
2003_IND,,,,,
2004_IND,,,,,
2005_IND,,,,,
2006_IND,,,,,
2007_IND,,,,,
2008_IND,,,,,
2009_IND,,,,,
2010_IND,,,,,
2011_IND,,,,,
2012_IND,,,,,
2013_IND,,,,,
2014_IND,,,,,
2015_IND,,,,,
2016_IND,,,,,
2017_IND,,,,,
2018_IND,,,,,
2019_IND,,,,,
2020_IND,,,,,
2021_IND,,,,,
2022_IND,,,,,
2023_IND,,,,,
2024_IND,,,,,
2000_IDN,,,,,
2001_IDN,,,,,
2002_IDN,,,,,
2003_IDN,,,,,
2004_IDN,,,,,
2005_IDN,,,,,
2006_IDN,,,,,
2007_IDN,,,,,
2008_IDN,,,,,
2009_IDN,,,,,
2010_IDN,,,,,
2011_IDN,,,,,
2012_IDN,,,,,
2013_IDN,,,,,
2014_IDN,,,,,
2015_IDN,,,,,
2016_IDN,,,,,
2017_IDN,,,,,
2018_IDN,,,,,
2019_IDN,,,,,
2020_IDN,,,,,
2021_IDN,,,,,
2022_IDN,,,,,
2023_IDN,,,,,
2024_IDN,,,,,
2000_IRN,,,,,
2001_IRN,,,,,
2002_IRN,,,,,
2003_IRN,,,,,
2004_IRN,,,,,
2005_IRN,,,,,
2006_IRN,,,,,
2007_IRN,,,,,
2008_IRN,,,,,
2009_IRN,,,,,
2010_IRN,,,,,
2011_IRN,,,,,
2012_IRN,,,,,
2013_IRN,,,,,
2014_IRN,,,,,
2015_IRN,,,,,
2016_IRN,,,,,
2017_IRN,,,,,
2018_IRN,,,,,
2019_IRN,,,,,
2020_IRN,,,,,
2021_IRN,,,,,
2022_IRN,,,,,
2023_IRN,,,,,
2024_IRN,,,,,
2000_IRQ,,,,,
2001_IRQ,,,,,
2002_IRQ,,,,,
2003_IRQ,,,,,
2004_IRQ,,,,,
2005_IRQ,,,,,
2006_IRQ,,,,,
2007_IRQ,,,,,
2008_IRQ,,,,,
2009_IRQ,,,,,
2010_IRQ,,,,,
2011_IRQ,,,,,
2012_IRQ,,,,,
2013_IRQ,,,,,
2014_IRQ,,,,,
2015_IRQ,,,,,
2016_IRQ,,,,,
2017_IRQ,,,,,
2018_IRQ,,,,,
2019_IRQ,,,,,
2020_IRQ,,,,,
2021_IRQ,,,,,
2022_IRQ,,,,,
2023_IRQ,,,,,
2024_IRQ,,,,,
2000_IRL,,,,,
2001_IRL,,,,,
2002_IRL,,,,,
2003_IRL,,,,,
2004_IRL,,,,,
2005_IRL,,,,,
2006_IRL,,,,,
2007_IRL,,,,,
2008_IRL,,,,,
2009_IRL,,,,,
2010_IRL,,,,,
2011_IRL,,,,,
2012_IRL,,,,,
2013_IRL,,,,,
2014_IRL,,,,,
2015_IRL,,,,,
2016_IRL,,,,,
2017_IRL,,,,,
2018_IRL,,,,,
2019_IRL,,,,,
2020_IRL,,,,,
2021_IRL,,,,,
2022_IRL,,,,,
2023_IRL,,,,,
2024_IRL,,,,,
2000_IMN,,,,,
2001_IMN,,,,,
2002_IMN,,,,,
2003_IMN,,,,,
2004_IMN,,,,,
2005_IMN,,,,,
2006_IMN,,,,,
2007_IMN,,,,,
2008_IMN,,,,,
2009_IMN,,,,,
2010_IMN,,,,,
2011_IMN,,,,,
2012_IMN,,,,,
2013_IMN,,,,,
2014_IMN,,,,,
2015_IMN,,,,,
2016_IMN,,,,,
2017_IMN,,,,,
2018_IMN,,,,,
2019_IMN,,,,,
2020_IMN,,,,,
2021_IMN,,,,,
2022_IMN,,,,,
2000_ISR,,,,,
2001_ISR,,,,,
2002_ISR,,,,,
2003_ISR,,,,,
2004_ISR,,,,,
2005_ISR,,,,,
2006_ISR,,,,,
2007_ISR,,,,,
2008_ISR,,,,,
2009_ISR,,,,,
2010_ISR,,,,,
2011_ISR,,,,,
2012_ISR,,,,,
2013_ISR,,,,,
2014_ISR,,,,,
2015_ISR,,,,,
2016_ISR,,,,,
2017_ISR,,,,,
2018_ISR,,,,,
2019_ISR,,,,,
2020_ISR,,,,,
2021_ISR,,,,,
2022_ISR,,,,,
2023_ISR,,,,,
2024_ISR,,,,,
2000_ITA,,,,,
2001_ITA,,,,,
2002_ITA,,,,,
2003_ITA,,,,,
2004_ITA,,,,,
2005_ITA,,,,,
2006_ITA,,,,,
2007_ITA,,,,,
2008_ITA,,,,,
2009_ITA,,,,,
2010_ITA,,,,,
2011_ITA,,,,,
2012_ITA,,,,,
2013_ITA,,,,,
2014_ITA,,,,,
2015_ITA,,,,,
2016_ITA,,,,,
2017_ITA,,,,,
2018_ITA,,,,,
2019_ITA,,,,,
2020_ITA,,,,,
2021_ITA,,,,,
2022_ITA,,,,,
2023_ITA,,,,,
2024_ITA,,,,,
2000_JAM,,,,,
2001_JAM,,,,,
2002_JAM,,,,,
2003_JAM,,,,,
2004_JAM,,,,,
2005_JAM,,,,,
2006_JAM,,,,,
2007_JAM,,,,,
2008_JAM,,,,,
2009_JAM,,,,,
2010_JAM,,,,,
2011_JAM,,,,,
2012_JAM,,,,,
2013_JAM,,,,,
2014_JAM,,,,,
2015_JAM,,,,,
2016_JAM,,,,,
2017_JAM,,,,,
2018_JAM,,,,,
2019_JAM,,,,,
2020_JAM,,,,,
2021_JAM,,,,,
2022_JAM,,,,,
2023_JAM,,,,,
2024_JAM,,,,,
2000_JPN,,,,,
2001_JPN,,,,,
2002_JPN,,,,,
2003_JPN,,,,,
2004_JPN,,,,,
2005_JPN,,,,,
2006_JPN,,,,,
2007_JPN,,,,,
2008_JPN,,,,,
2009_JPN,,,,,
2010_JPN,,,,,
2011_JPN,,,,,
2012_JPN,,,,,
2013_JPN,,,,,
2014_JPN,,,,,
2015_JPN,,,,,
2016_JPN,,,,,
2017_JPN,,,,,
2018_JPN,,,,,
2019_JPN,,,,,
2020_JPN,,,,,
2021_JPN,,,,,
2022_JPN,,,,,
2023_JPN,,,,,
2024_JPN,,,,,
2000_JOR,,,,,
2001_JOR,,,,,
2002_JOR,,,,,
2003_JOR,,,,,
2004_JOR,,,,,
2005_JOR,,,,,
2006_JOR,,,,,
2007_JOR,,,,,
2008_JOR,,,,,
2009_JOR,,,,,
2010_JOR,,,,,
2011_JOR,,,,,
2012_JOR,,,,,
2013_JOR,,,,,
2014_JOR,,,,,
2015_JOR,,,,,
2016_JOR,,,,,
2017_JOR,,,,,
2018_JOR,,,,,
2019_JOR,,,,,
2020_JOR,,,,,
2021_JOR,,,,,
2022_JOR,,,,,
2023_JOR,,,,,
2024_JOR,,,,,
2000_KAZ,,,,,
2001_KAZ,,,,,
2002_KAZ,,,,,
2003_KAZ,,,,,
2004_KAZ,,,,,
2005_KAZ,,,,,
2006_KAZ,,,,,
2007_KAZ,,,,,
2008_KAZ,,,,,
2009_KAZ,,,,,
2010_KAZ,,,,,
2011_KAZ,,,,,
2012_KAZ,,,,,
2013_KAZ,,,,,
2014_KAZ,,,,,
2015_KAZ,,,,,
2016_KAZ,,,,,
2017_KAZ,,,,,
2018_KAZ,,,,,
2019_KAZ,,,,,
2020_KAZ,,,,,
2021_KAZ,,,,,
2022_KAZ,,,,,
2023_KAZ,,,,,
2024_KAZ,,,,,
2000_KEN,,,,,
2001_KEN,,,,,
2002_KEN,,,,,
2003_KEN,,,,,
2004_KEN,,,,,
2005_KEN,,,,,
2006_KEN,,,,,
2007_KEN,,,,,
2008_KEN,,,,,
2009_KEN,,,,,
2010_KEN,,,,,
2011_KEN,,,,,
2012_KEN,,,,,
2013_KEN,,,,,
2014_KEN,,,,,
2015_KEN,,,,,
2016_KEN,,,,,
2017_KEN,,,,,
2018_KEN,,,,,
2019_KEN,,,,,
2020_KEN,,,,,
2021_KEN,,,,,
2022_KEN,,,,,
2023_KEN,,,,,
2024_KEN,,,,,
2000_KIR,,,,,
2001_KIR,,,,,
2002_KIR,,,,,
2003_KIR,,,,,
2004_KIR,,,,,
2005_KIR,,,,,
2006_KIR,,,,,
2007_KIR,,,,,
2008_KIR,,,,,
2009_KIR,,,,,
2010_KIR,,,,,
2011_KIR,,,,,
2012_KIR,,,,,
2013_KIR,,,,,
2014_KIR,,,,,
2015_KIR,,,,,
2016_KIR,,,,,
2017_KIR,,,,,
2018_KIR,,,,,
2019_KIR,,,,,
2020_KIR,,,,,
2021_KIR,,,,,
2022_KIR,,,,,
2023_KIR,,,,,
2024_KIR,,,,,
2000_KOR,,,,,
2001_KOR,,,,,
2002_KOR,,,,,
2003_KOR,,,,,
2004_KOR,,,,,
2005_KOR,,,,,
2006_KOR,,,,,
2007_KOR,,,,,
2008_KOR,,,,,
2009_KOR,,,,,
2010_KOR,,,,,
2011_KOR,,,,,
2012_KOR,,,,,
2013_KOR,,,,,
2014_KOR,,,,,
2015_KOR,,,,,
2016_KOR,,,,,
2017_KOR,,,,,
2018_KOR,,,,,
2019_KOR,,,,,
2020_KOR,,,,,
2021_KOR,,,,,
2022_KOR,,,,,
2023_KOR,,,,,
2024_KOR,,,,,
2003_XKX,,,,,
2004_XKX,,,,,
2005_XKX,,,,,
2006_XKX,,,,,
2007_XKX,,,,,
2008_XKX,,,,,
2009_XKX,,,,,
2010_XKX,,,,,
2011_XKX,,,,,
2012_XKX,,,,,
2013_XKX,,,,,
2014_XKX,,,,,
2015_XKX,,,,,
2016_XKX,,,,,
2017_XKX,,,,,
2018_XKX,,,,,
2019_XKX,,,,,
2020_XKX,,,,,
2021_XKX,,,,,
2022_XKX,,,,,
2023_XKX,,,,,
2024_XKX,,,,,
2000_KWT,,,,,
2001_KWT,,,,,
2002_KWT,,,,,
2003_KWT,,,,,
2004_KWT,,,,,
2005_KWT,,,,,
2006_KWT,,,,,
2007_KWT,,,,,
2008_KWT,,,,,
2009_KWT,,,,,
2010_KWT,,,,,
2011_KWT,,,,,
2012_KWT,,,,,
2013_KWT,,,,,
2014_KWT,,,,,
2015_KWT,,,,,
2016_KWT,,,,,
2017_KWT,,,,,
2018_KWT,,,,,
2019_KWT,,,,,
2020_KWT,,,,,
2021_KWT,,,,,
2022_KWT,,,,,
2023_KWT,,,,,
2024_KWT,,,,,
2000_KGZ,,,,,
2001_KGZ,,,,,
2002_KGZ,,,,,
2003_KGZ,,,,,
2004_KGZ,,,,,
2005_KGZ,,,,,
2006_KGZ,,,,,
2007_KGZ,,,,,
2008_KGZ,,,,,
2009_KGZ,,,,,
2010_KGZ,,,,,
2011_KGZ,,,,,
2012_KGZ,,,,,
2013_KGZ,,,,,
2014_KGZ,,,,,
2015_KGZ,,,,,
2016_KGZ,,,,,
2017_KGZ,,,,,
2018_KGZ,,,,,
2019_KGZ,,,,,
2020_KGZ,,,,,
2021_KGZ,,,,,
2022_KGZ,,,,,
2023_KGZ,,,,,
2024_KGZ,,,,,
2000_LAO,,,,,
2001_LAO,,,,,
2002_LAO,,,,,
2003_LAO,,,,,
2004_LAO,,,,,
2005_LAO,,,,,
2006_LAO,,,,,
2007_LAO,,,,,
2008_LAO,,,,,
2009_LAO,,,,,
2010_LAO,,,,,
2011_LAO,,,,,
2012_LAO,,,,,
2013_LAO,,,,,
2014_LAO,,,,,
2015_LAO,,,,,
2016_LAO,,,,,
2017_LAO,,,,,
2018_LAO,,,,,
2019_LAO,,,,,
2020_LAO,,,,,
2021_LAO,,,,,
2022_LAO,,,,,
2023_LAO,,,,,
2024_LAO,,,,,
2000_LVA,,,,,
2001_LVA,,,,,
2002_LVA,,,,,
2003_LVA,,,,,
2004_LVA,,,,,
2005_LVA,,,,,
2006_LVA,,,,,
2007_LVA,,,,,
2008_LVA,,,,,
2009_LVA,,,,,
2010_LVA,,,,,
2011_LVA,,,,,
2012_LVA,,,,,
2013_LVA,,,,,
2014_LVA,,,,,
2015_LVA,,,,,
2016_LVA,,,,,
2017_LVA,,,,,
2018_LVA,,,,,
2019_LVA,,,,,
2020_LVA,,,,,
2021_LVA,,,,,
2022_LVA,,,,,
2023_LVA,,,,,
2024_LVA,,,,,
2000_LBN,,,,,
2001_LBN,,,,,
2002_LBN,,,,,
2003_LBN,,,,,
2004_LBN,,,,,
2005_LBN,,,,,
2006_LBN,,,,,
2007_LBN,,,,,
2008_LBN,,,,,
2009_LBN,,,,,
2010_LBN,,,,,
2011_LBN,,,,,
2012_LBN,,,,,
2013_LBN,,,,,
2014_LBN,,,,,
2015_LBN,,,,,
2016_LBN,,,,,
2017_LBN,,,,,
2018_LBN,,,,,
2019_LBN,,,,,
2020_LBN,,,,,
2021_LBN,,,,,
2022_LBN,,,,,
2023_LBN,,,,,
2024_LBN,,,,,
2000_LSO,,,,,
2001_LSO,,,,,
2002_LSO,,,,,
2003_LSO,,,,,
2004_LSO,,,,,
2005_LSO,,,,,
2006_LSO,,,,,
2007_LSO,,,,,
2008_LSO,,,,,
2009_LSO,,,,,
2010_LSO,,,,,
2011_LSO,,,,,
2012_LSO,,,,,
2013_LSO,,,,,
2014_LSO,,,,,
2015_LSO,,,,,
2016_LSO,,,,,
2017_LSO,,,,,
2018_LSO,,,,,
2019_LSO,,,,,
2020_LSO,,,,,
2021_LSO,,,,,
2022_LSO,,,,,
2023_LSO,,,,,
2024_LSO,,,,,
2000_LBR,,,,,
2001_LBR,,,,,
2002_LBR,,,,,
2003_LBR,,,,,
2004_LBR,,,,,
2005_LBR,,,,,
2006_LBR,,,,,
2007_LBR,,,,,
2008_LBR,,,,,
2009_LBR,,,,,
2010_LBR,,,,,
2011_LBR,,,,,
2012_LBR,,,,,
2013_LBR,,,,,
2014_LBR,,,,,
2015_LBR,,,,,
2016_LBR,,,,,
2017_LBR,,,,,
2018_LBR,,,,,
2019_LBR,,,,,
2020_LBR,,,,,
2021_LBR,,,,,
2022_LBR,,,,,
2023_LBR,,,,,
2024_LBR,,,,,
2000_LBY,,,,,
2001_LBY,,,,,
2002_LBY,,,,,
2003_LBY,,,,,
2004_LBY,,,,,
2005_LBY,,,,,
2006_LBY,,,,,
2007_LBY,,,,,
2008_LBY,,,,,
2009_LBY,,,,,
2010_LBY,,,,,
2011_LBY,,,,,
2012_LBY,,,,,
2013_LBY,,,,,
2014_LBY,,,,,
2015_LBY,,,,,
2016_LBY,,,,,
2017_LBY,,,,,
2018_LBY,,,,,
2019_LBY,,,,,
2020_LBY,,,,,
2021_LBY,,,,,
2022_LBY,,,,,
2023_LBY,,,,,
2024_LBY,,,,,
2000_LIE,,,,,
2001_LIE,,,,,
2002_LIE,,,,,
2003_LIE,,,,,
2004_LIE,,,,,
2005_LIE,,,,,
2006_LIE,,,,,
2007_LIE,,,,,
2008_LIE,,,,,
2009_LIE,,,,,
2000_LTU,,,,,
2001_LTU,,,,,
2002_LTU,,,,,
2003_LTU,,,,,
2004_LTU,,,,,
2005_LTU,,,,,
2006_LTU,,,,,
2007_LTU,,,,,
2008_LTU,,,,,
2009_LTU,,,,,
2010_LTU,,,,,
2011_LTU,,,,,
2012_LTU,,,,,
2013_LTU,,,,,
2014_LTU,,,,,
2015_LTU,,,,,
2016_LTU,,,,,
2017_LTU,,,,,
2018_LTU,,,,,
2019_LTU,,,,,
2020_LTU,,,,,
2021_LTU,,,,,
2022_LTU,,,,,
2023_LTU,,,,,
2024_LTU,,,,,
2000_LUX,,,,,
2001_LUX,,,,,
2002_LUX,,,,,
2003_LUX,,,,,
2004_LUX,,,,,
2005_LUX,,,,,
2006_LUX,,,,,
2007_LUX,,,,,
2008_LUX,,,,,
2009_LUX,,,,,
2010_LUX,,,,,
2011_LUX,,,,,
2012_LUX,,,,,
2013_LUX,,,,,
2014_LUX,,,,,
2015_LUX,,,,,
2016_LUX,,,,,
2017_LUX,,,,,
2018_LUX,,,,,
2019_LUX,,,,,
2020_LUX,,,,,
2021_LUX,,,,,
2022_LUX,,,,,
2023_LUX,,,,,
2024_LUX,,,,,
2000_MAC,,,,,
2001_MAC,,,,,
2002_MAC,,,,,
2003_MAC,,,,,
2004_MAC,,,,,
2005_MAC,,,,,
2006_MAC,,,,,
2007_MAC,,,,,
2008_MAC,,,,,
2009_MAC,,,,,
2010_MAC,,,,,
2011_MAC,,,,,
2012_MAC,,,,,
2013_MAC,,,,,
2014_MAC,,,,,
2015_MAC,,,,,
2016_MAC,,,,,
2017_MAC,,,,,
2018_MAC,,,,,
2019_MAC,,,,,
2020_MAC,,,,,
2021_MAC,,,,,
2022_MAC,,,,,
2023_MAC,,,,,
2024_MAC,,,,,
2000_MDG,,,,,
2001_MDG,,,,,
2002_MDG,,,,,
2003_MDG,,,,,
2004_MDG,,,,,
2005_MDG,,,,,
2006_MDG,,,,,
2007_MDG,,,,,
2008_MDG,,,,,
2009_MDG,,,,,
2010_MDG,,,,,
2011_MDG,,,,,
2012_MDG,,,,,
2013_MDG,,,,,
2014_MDG,,,,,
2015_MDG,,,,,
2016_MDG,,,,,
2017_MDG,,,,,
2018_MDG,,,,,
2019_MDG,,,,,
2020_MDG,,,,,
2021_MDG,,,,,
2022_MDG,,,,,
2023_MDG,,,,,
2024_MDG,,,,,
2000_MWI,,,,,
2001_MWI,,,,,
2002_MWI,,,,,
2003_MWI,,,,,
2004_MWI,,,,,
2005_MWI,,,,,
2006_MWI,,,,,
2007_MWI,,,,,
2008_MWI,,,,,
2009_MWI,,,,,
2010_MWI,,,,,
2011_MWI,,,,,
2012_MWI,,,,,
2013_MWI,,,,,
2014_MWI,,,,,
2015_MWI,,,,,
2016_MWI,,,,,
2017_MWI,,,,,
2018_MWI,,,,,
2019_MWI,,,,,
2020_MWI,,,,,
2021_MWI,,,,,
2022_MWI,,,,,
2023_MWI,,,,,
2024_MWI,,,,,
2000_MYS,,,,,
2001_MYS,,,,,
2002_MYS,,,,,
2003_MYS,,,,,
2004_MYS,,,,,
2005_MYS,,,,,
2006_MYS,,,,,
2007_MYS,,,,,
2008_MYS,,,,,
2009_MYS,,,,,
2010_MYS,,,,,
2011_MYS,,,,,
2012_MYS,,,,,
2013_MYS,,,,,
2014_MYS,,,,,
2015_MYS,,,,,
2016_MYS,,,,,
2017_MYS,,,,,
2018_MYS,,,,,
2019_MYS,,,,,
2020_MYS,,,,,
2021_MYS,,,,,
2022_MYS,,,,,
2023_MYS,,,,,
2024_MYS,,,,,
2000_MDV,,,,,
2001_MDV,,,,,
2002_MDV,,,,,
2003_MDV,,,,,
2004_MDV,,,,,
2005_MDV,,,,,
2006_MDV,,,,,
2007_MDV,,,,,
2008_MDV,,,,,
2009_MDV,,,,,
2010_MDV,,,,,
2011_MDV,,,,,
2012_MDV,,,,,
2013_MDV,,,,,
2014_MDV,,,,,
2015_MDV,,,,,
2016_MDV,,,,,
2017_MDV,,,,,
2018_MDV,,,,,
2019_MDV,,,,,
2020_MDV,,,,,
2021_MDV,,,,,
2022_MDV,,,,,
2023_MDV,,,,,
2024_MDV,,,,,
2000_MLI,,,,,
2001_MLI,,,,,
2002_MLI,,,,,
2003_MLI,,,,,
2004_MLI,,,,,
2005_MLI,,,,,
2006_MLI,,,,,
2007_MLI,,,,,
2008_MLI,,,,,
2009_MLI,,,,,
2010_MLI,,,,,
2011_MLI,,,,,
2012_MLI,,,,,
2013_MLI,,,,,
2014_MLI,,,,,
2015_MLI,,,,,
2016_MLI,,,,,
2017_MLI,,,,,
2018_MLI,,,,,
2019_MLI,,,,,
2020_MLI,,,,,
2021_MLI,,,,,
2022_MLI,,,,,
2023_MLI,,,,,
2024_MLI,,,,,
2000_MLT,,,,,
2001_MLT,,,,,
2002_MLT,,,,,
2003_MLT,,,,,
2004_MLT,,,,,
2005_MLT,,,,,
2006_MLT,,,,,
2007_MLT,,,,,
2008_MLT,,,,,
2009_MLT,,,,,
2010_MLT,,,,,
2011_MLT,,,,,
2012_MLT,,,,,
2013_MLT,,,,,
2014_MLT,,,,,
2015_MLT,,,,,
2016_MLT,,,,,
2017_MLT,,,,,
2018_MLT,,,,,
2019_MLT,,,,,
2020_MLT,,,,,
2021_MLT,,,,,
2022_MLT,,,,,
2023_MLT,,,,,
2024_MLT,,,,,
2000_MHL,,,,,
2001_MHL,,,,,
2002_MHL,,,,,
2003_MHL,,,,,
2004_MHL,,,,,
2005_MHL,,,,,
2006_MHL,,,,,
2007_MHL,,,,,
2008_MHL,,,,,
2009_MHL,,,,,
2010_MHL,,,,,
2011_MHL,,,,,
2012_MHL,,,,,
2013_MHL,,,,,
2014_MHL,,,,,
2015_MHL,,,,,
2016_MHL,,,,,
2017_MHL,,,,,
2018_MHL,,,,,
2019_MHL,,,,,
2020_MHL,,,,,
2021_MHL,,,,,
2022_MHL,,,,,
2023_MHL,,,,,
2024_MHL,,,,,
2000_MRT,,,,,
2001_MRT,,,,,
2002_MRT,,,,,
2003_MRT,,,,,
2004_MRT,,,,,
2005_MRT,,,,,
2006_MRT,,,,,
2007_MRT,,,,,
2008_MRT,,,,,
2009_MRT,,,,,
2010_MRT,,,,,
2011_MRT,,,,,
2012_MRT,,,,,
2013_MRT,,,,,
2014_MRT,,,,,
2015_MRT,,,,,
2016_MRT,,,,,
2017_MRT,,,,,
2018_MRT,,,,,
2019_MRT,,,,,
2020_MRT,,,,,
2021_MRT,,,,,
2022_MRT,,,,,
2023_MRT,,,,,
2024_MRT,,,,,
2000_MUS,,,,,
2001_MUS,,,,,
2002_MUS,,,,,
2003_MUS,,,,,
2004_MUS,,,,,
2005_MUS,,,,,
2006_MUS,,,,,
2007_MUS,,,,,
2008_MUS,,,,,
2009_MUS,,,,,
2010_MUS,,,,,
2011_MUS,,,,,
2012_MUS,,,,,
2013_MUS,,,,,
2014_MUS,,,,,
2015_MUS,,,,,
2016_MUS,,,,,
2017_MUS,,,,,
2018_MUS,,,,,
2019_MUS,,,,,
2020_MUS,,,,,
2021_MUS,,,,,
2022_MUS,,,,,
2023_MUS,,,,,
2024_MUS,,,,,
2000_MEX,,,,,
2001_MEX,,,,,
2002_MEX,,,,,
2003_MEX,,,,,
2004_MEX,,,,,
2005_MEX,,,,,
2006_MEX,,,,,
2007_MEX,,,,,
2008_MEX,,,,,
2009_MEX,,,,,
2010_MEX,,,,,
2011_MEX,,,,,
2012_MEX,,,,,
2013_MEX,,,,,
2014_MEX,,,,,
2015_MEX,,,,,
2016_MEX,,,,,
2017_MEX,,,,,
2018_MEX,,,,,
2019_MEX,,,,,
2020_MEX,,,,,
2021_MEX,,,,,
2022_MEX,,,,,
2023_MEX,,,,,
2024_MEX,,,,,
2000_FSM,,,,,
2001_FSM,,,,,
2002_FSM,,,,,
2003_FSM,,,,,
2004_FSM,,,,,
2005_FSM,,,,,
2006_FSM,,,,,
2007_FSM,,,,,
2008_FSM,,,,,
2009_FSM,,,,,
2010_FSM,,,,,
2011_FSM,,,,,
2012_FSM,,,,,
2013_FSM,,,,,
2014_FSM,,,,,
2015_FSM,,,,,
2016_FSM,,,,,
2017_FSM,,,,,
2018_FSM,,,,,
2019_FSM,,,,,
2020_FSM,,,,,
2021_FSM,,,,,
2022_FSM,,,,,
2023_FSM,,,,,
2024_FSM,,,,,
2000_MDA,,,,,
2001_MDA,,,,,
2002_MDA,,,,,
2003_MDA,,,,,
2004_MDA,,,,,
2005_MDA,,,,,
2006_MDA,,,,,
2007_MDA,,,,,
2008_MDA,,,,,
2009_MDA,,,,,
2010_MDA,,,,,
2011_MDA,,,,,
2012_MDA,,,,,
2013_MDA,,,,,
2014_MDA,,,,,
2015_MDA,,,,,
2016_MDA,,,,,
2017_MDA,,,,,
2018_MDA,,,,,
2019_MDA,,,,,
2020_MDA,,,,,
2021_MDA,,,,,
2022_MDA,,,,,
2023_MDA,,,,,
2024_MDA,,,,,
2000_MCO,,,,,
2001_MCO,,,,,
2002_MCO,,,,,
2003_MCO,,,,,
2004_MCO,,,,,
2005_MCO,,,,,
2006_MCO,,,,,
2007_MCO,,,,,
2008_MCO,,,,,
2009_MCO,,,,,
2010_MCO,,,,,
2011_MCO,,,,,
2012_MCO,,,,,
2013_MCO,,,,,
2014_MCO,,,,,
2015_MCO,,,,,
2016_MCO,,,,,
2017_MCO,,,,,
2018_MCO,,,,,
2019_MCO,,,,,
2020_MCO,,,,,
2021_MCO,,,,,
2022_MCO,,,,,
2023_MCO,,,,,
2024_MCO,,,,,
2000_MNG,,,,,
2001_MNG,,,,,
2002_MNG,,,,,
2003_MNG,,,,,
2004_MNG,,,,,
2005_MNG,,,,,
2006_MNG,,,,,
2007_MNG,,,,,
2008_MNG,,,,,
2009_MNG,,,,,
2010_MNG,,,,,
2011_MNG,,,,,
2012_MNG,,,,,
2013_MNG,,,,,
2014_MNG,,,,,
2015_MNG,,,,,
2016_MNG,,,,,
2017_MNG,,,,,
2018_MNG,,,,,
2019_MNG,,,,,
2020_MNG,,,,,
2021_MNG,,,,,
2022_MNG,,,,,
2023_MNG,,,,,
2024_MNG,,,,,
2000_MNE,,,,,
2001_MNE,,,,,
2002_MNE,,,,,
2003_MNE,,,,,
2004_MNE,,,,,
2005_MNE,,,,,
2006_MNE,,,,,
2007_MNE,,,,,
2008_MNE,,,,,
2009_MNE,,,,,
2010_MNE,,,,,
2011_MNE,,,,,
2012_MNE,,,,,
2013_MNE,,,,,
2014_MNE,,,,,
2015_MNE,,,,,
2016_MNE,,,,,
2017_MNE,,,,,
2018_MNE,,,,,
2019_MNE,,,,,
2020_MNE,,,,,
2021_MNE,,,,,
2022_MNE,,,,,
2023_MNE,,,,,
2024_MNE,,,,,
2000_MAR,,,,,
2001_MAR,,,,,
2002_MAR,,,,,
2003_MAR,,,,,
2004_MAR,,,,,
2005_MAR,,,,,
2006_MAR,,,,,
2007_MAR,,,,,
2008_MAR,,,,,
2009_MAR,,,,,
2010_MAR,,,,,
2011_MAR,,,,,
2012_MAR,,,,,
2013_MAR,,,,,
2014_MAR,,,,,
2015_MAR,,,,,
2016_MAR,,,,,
2017_MAR,,,,,
2018_MAR,,,,,
2019_MAR,,,,,
2020_MAR,,,,,
2021_MAR,,,,,
2022_MAR,,,,,
2023_MAR,,,,,
2024_MAR,,,,,
2000_MOZ,,,,,
2001_MOZ,,,,,
2002_MOZ,,,,,
2003_MOZ,,,,,
2004_MOZ,,,,,
2005_MOZ,,,,,
2006_MOZ,,,,,
2007_MOZ,,,,,
2008_MOZ,,,,,
2009_MOZ,,,,,
2010_MOZ,,,,,
2011_MOZ,,,,,
2012_MOZ,,,,,
2013_MOZ,,,,,
2014_MOZ,,,,,
2015_MOZ,,,,,
2016_MOZ,,,,,
2017_MOZ,,,,,
2018_MOZ,,,,,
2019_MOZ,,,,,
2020_MOZ,,,,,
2021_MOZ,,,,,
2022_MOZ,,,,,
2023_MOZ,,,,,
2024_MOZ,,,,,
2000_MMR,,,,,
2001_MMR,,,,,
2002_MMR,,,,,
2003_MMR,,,,,
2004_MMR,,,,,
2005_MMR,,,,,
2006_MMR,,,,,
2007_MMR,,,,,
2008_MMR,,,,,
2009_MMR,,,,,
2010_MMR,,,,,
2011_MMR,,,,,
2012_MMR,,,,,
2013_MMR,,,,,
2014_MMR,,,,,
2015_MMR,,,,,
2016_MMR,,,,,
2017_MMR,,,,,
2018_MMR,,,,,
2019_MMR,,,,,
2020_MMR,,,,,
2021_MMR,,,,,
2022_MMR,,,,,
2023_MMR,,,,,
2024_MMR,,,,,
2000_NAM,,,,,
2001_NAM,,,,,
2002_NAM,,,,,
2003_NAM,,,,,
2004_NAM,,,,,
2005_NAM,,,,,
2006_NAM,,,,,
2007_NAM,,,,,
2008_NAM,,,,,
2009_NAM,,,,,
2010_NAM,,,,,
2011_NAM,,,,,
2012_NAM,,,,,
2013_NAM,,,,,
2014_NAM,,,,,
2015_NAM,,,,,
2016_NAM,,,,,
2017_NAM,,,,,
2018_NAM,,,,,
2019_NAM,,,,,
2020_NAM,,,,,
2021_NAM,,,,,
2022_NAM,,,,,
2023_NAM,,,,,
2024_NAM,,,,,
2000_NRU,,,,,
2001_NRU,,,,,
2002_NRU,,,,,
2003_NRU,,,,,
2004_NRU,,,,,
2005_NRU,,,,,
2006_NRU,,,,,
2007_NRU,,,,,
2008_NRU,,,,,
2009_NRU,,,,,
2010_NRU,,,,,
2011_NRU,,,,,
2012_NRU,,,,,
2013_NRU,,,,,
2014_NRU,,,,,
2015_NRU,,,,,
2016_NRU,,,,,
2017_NRU,,,,,
2018_NRU,,,,,
2019_NRU,,,,,
2020_NRU,,,,,
2021_NRU,,,,,
2022_NRU,,,,,
2023_NRU,,,,,
2024_NRU,,,,,
2000_NPL,,,,,
2001_NPL,,,,,
2002_NPL,,,,,
2003_NPL,,,,,
2004_NPL,,,,,
2005_NPL,,,,,
2006_NPL,,,,,
2007_NPL,,,,,
2008_NPL,,,,,
2009_NPL,,,,,
2010_NPL,,,,,
2011_NPL,,,,,
2012_NPL,,,,,
2013_NPL,,,,,
2014_NPL,,,,,
2015_NPL,,,,,
2016_NPL,,,,,
2017_NPL,,,,,
2018_NPL,,,,,
2019_NPL,,,,,
2020_NPL,,,,,
2021_NPL,,,,,
2022_NPL,,,,,
2023_NPL,,,,,
2024_NPL,,,,,
2000_NLD,,,,,
2001_NLD,,,,,
2002_NLD,,,,,
2003_NLD,,,,,
2004_NLD,,,,,
2005_NLD,,,,,
2006_NLD,,,,,
2007_NLD,,,,,
2008_NLD,,,,,
2009_NLD,,,,,
2010_NLD,,,,,
2011_NLD,,,,,
2012_NLD,,,,,
2013_NLD,,,,,
2014_NLD,,,,,
2015_NLD,,,,,
2016_NLD,,,,,
2017_NLD,,,,,
2018_NLD,,,,,
2019_NLD,,,,,
2020_NLD,,,,,
2021_NLD,,,,,
2022_NLD,,,,,
2023_NLD,,,,,
2024_NLD,,,,,
2000_NCL,,,,,
2011_NCL,,,,,
2012_NCL,,,,,
2013_NCL,,,,,
2014_NCL,,,,,
2015_NCL,,,,,
2016_NCL,,,,,
2018_NCL,,,,,
2019_NCL,,,,,
2020_NCL,,,,,
2021_NCL,,,,,
2022_NCL,,,,,
2023_NCL,,,,,
2024_NCL,,,,,
2000_NZL,,,,,
2001_NZL,,,,,
2002_NZL,,,,,
2003_NZL,,,,,
2004_NZL,,,,,
2005_NZL,,,,,
2006_NZL,,,,,
2007_NZL,,,,,
2008_NZL,,,,,
2009_NZL,,,,,
2010_NZL,,,,,
2011_NZL,,,,,
2012_NZL,,,,,
2013_NZL,,,,,
2014_NZL,,,,,
2015_NZL,,,,,
2016_NZL,,,,,
2017_NZL,,,,,
2018_NZL,,,,,
2019_NZL,,,,,
2020_NZL,,,,,
2021_NZL,,,,,
2022_NZL,,,,,
2023_NZL,,,,,
2024_NZL,,,,,
2000_NIC,,,,,
2001_NIC,,,,,
2002_NIC,,,,,
2003_NIC,,,,,
2004_NIC,,,,,
2005_NIC,,,,,
2006_NIC,,,,,
2007_NIC,,,,,
2008_NIC,,,,,
2009_NIC,,,,,
2010_NIC,,,,,
2011_NIC,,,,,
2012_NIC,,,,,
2013_NIC,,,,,
2014_NIC,,,,,
2015_NIC,,,,,
2016_NIC,,,,,
2017_NIC,,,,,
2018_NIC,,,,,
2019_NIC,,,,,
2020_NIC,,,,,
2021_NIC,,,,,
2022_NIC,,,,,
2023_NIC,,,,,
2024_NIC,,,,,
2000_NER,,,,,
2001_NER,,,,,
2002_NER,,,,,
2003_NER,,,,,
2004_NER,,,,,
2005_NER,,,,,
2006_NER,,,,,
2007_NER,,,,,
2008_NER,,,,,
2009_NER,,,,,
2010_NER,,,,,
2011_NER,,,,,
2012_NER,,,,,
2013_NER,,,,,
2014_NER,,,,,
2015_NER,,,,,
2016_NER,,,,,
2017_NER,,,,,
2018_NER,,,,,
2019_NER,,,,,
2020_NER,,,,,
2021_NER,,,,,
2022_NER,,,,,
2023_NER,,,,,
2024_NER,,,,,
2000_NGA,,,,,
2001_NGA,,,,,
2002_NGA,,,,,
2003_NGA,,,,,
2004_NGA,,,,,
2005_NGA,,,,,
2006_NGA,,,,,
2007_NGA,,,,,
2008_NGA,,,,,
2009_NGA,,,,,
2010_NGA,,,,,
2011_NGA,,,,,
2012_NGA,,,,,
2013_NGA,,,,,
2014_NGA,,,,,
2015_NGA,,,,,
2016_NGA,,,,,
2017_NGA,,,,,
2018_NGA,,,,,
2019_NGA,,,,,
2020_NGA,,,,,
2021_NGA,,,,,
2022_NGA,,,,,
2023_NGA,,,,,
2024_NGA,,,,,
2000_MKD,,,,,
2001_MKD,,,,,
2002_MKD,,,,,
2003_MKD,,,,,
2004_MKD,,,,,
2005_MKD,,,,,
2006_MKD,,,,,
2007_MKD,,,,,
2008_MKD,,,,,
2009_MKD,,,,,
2010_MKD,,,,,
2011_MKD,,,,,
2012_MKD,,,,,
2013_MKD,,,,,
2014_MKD,,,,,
2015_MKD,,,,,
2016_MKD,,,,,
2017_MKD,,,,,
2018_MKD,,,,,
2019_MKD,,,,,
2020_MKD,,,,,
2021_MKD,,,,,
2022_MKD,,,,,
2023_MKD,,,,,
2024_MKD,,,,,
2003_MNP,,,,,
2004_MNP,,,,,
2005_MNP,,,,,
2006_MNP,,,,,
2007_MNP,,,,,
2008_MNP,,,,,
2009_MNP,,,,,
2010_MNP,,,,,
2011_MNP,,,,,
2012_MNP,,,,,
2013_MNP,,,,,
2014_MNP,,,,,
2015_MNP,,,,,
2016_MNP,,,,,
2017_MNP,,,,,
2018_MNP,,,,,
2019_MNP,,,,,
2020_MNP,,,,,
2021_MNP,,,,,
2022_MNP,,,,,
2000_NOR,,,,,
2001_NOR,,,,,
2002_NOR,,,,,
2003_NOR,,,,,
2004_NOR,,,,,
2005_NOR,,,,,
2006_NOR,,,,,
2007_NOR,,,,,
2008_NOR,,,,,
2009_NOR,,,,,
2010_NOR,,,,,
2011_NOR,,,,,
2012_NOR,,,,,
2013_NOR,,,,,
2014_NOR,,,,,
2015_NOR,,,,,
2016_NOR,,,,,
2017_NOR,,,,,
2018_NOR,,,,,
2019_NOR,,,,,
2020_NOR,,,,,
2021_NOR,,,,,
2022_NOR,,,,,
2023_NOR,,,,,
2024_NOR,,,,,
2000_OMN,,,,,
2001_OMN,,,,,
2002_OMN,,,,,
2003_OMN,,,,,
2004_OMN,,,,,
2005_OMN,,,,,
2006_OMN,,,,,
2007_OMN,,,,,
2008_OMN,,,,,
2009_OMN,,,,,
2010_OMN,,,,,
2011_OMN,,,,,
2012_OMN,,,,,
2013_OMN,,,,,
2014_OMN,,,,,
2015_OMN,,,,,
2016_OMN,,,,,
2017_OMN,,,,,
2018_OMN,,,,,
2019_OMN,,,,,
2020_OMN,,,,,
2021_OMN,,,,,
2022_OMN,,,,,
2023_OMN,,,,,
2024_OMN,,,,,
2000_PAK,,,,,
2001_PAK,,,,,
2002_PAK,,,,,
2003_PAK,,,,,
2004_PAK,,,,,
2005_PAK,,,,,
2006_PAK,,,,,
2007_PAK,,,,,
2008_PAK,,,,,
2009_PAK,,,,,
2010_PAK,,,,,
2011_PAK,,,,,
2012_PAK,,,,,
2013_PAK,,,,,
2014_PAK,,,,,
2015_PAK,,,,,
2016_PAK,,,,,
2017_PAK,,,,,
2018_PAK,,,,,
2019_PAK,,,,,
2020_PAK,,,,,
2021_PAK,,,,,
2022_PAK,,,,,
2023_PAK,,,,,
2024_PAK,,,,,
2000_PLW,,,,,
2001_PLW,,,,,
2002_PLW,,,,,
2003_PLW,,,,,
2004_PLW,,,,,
2005_PLW,,,,,
2006_PLW,,,,,
2007_PLW,,,,,
2008_PLW,,,,,
2009_PLW,,,,,
2010_PLW,,,,,
2011_PLW,,,,,
2012_PLW,,,,,
2013_PLW,,,,,
2014_PLW,,,,,
2015_PLW,,,,,
2016_PLW,,,,,
2017_PLW,,,,,
2018_PLW,,,,,
2019_PLW,,,,,
2020_PLW,,,,,
2021_PLW,,,,,
2022_PLW,,,,,
2023_PLW,,,,,
2024_PLW,,,,,
2000_PAN,,,,,
2001_PAN,,,,,
2002_PAN,,,,,
2003_PAN,,,,,
2004_PAN,,,,,
2005_PAN,,,,,
2006_PAN,,,,,
2007_PAN,,,,,
2008_PAN,,,,,
2009_PAN,,,,,
2010_PAN,,,,,
2011_PAN,,,,,
2012_PAN,,,,,
2013_PAN,,,,,
2014_PAN,,,,,
2015_PAN,,,,,
2016_PAN,,,,,
2017_PAN,,,,,
2018_PAN,,,,,
2019_PAN,,,,,
2020_PAN,,,,,
2021_PAN,,,,,
2022_PAN,,,,,
2023_PAN,,,,,
2024_PAN,,,,,
2000_PNG,,,,,
2001_PNG,,,,,
2002_PNG,,,,,
2003_PNG,,,,,
2004_PNG,,,,,
2005_PNG,,,,,
2006_PNG,,,,,
2007_PNG,,,,,
2008_PNG,,,,,
2009_PNG,,,,,
2010_PNG,,,,,
2011_PNG,,,,,
2012_PNG,,,,,
2013_PNG,,,,,
2014_PNG,,,,,
2015_PNG,,,,,
2016_PNG,,,,,
2017_PNG,,,,,
2018_PNG,,,,,
2019_PNG,,,,,
2020_PNG,,,,,
2021_PNG,,,,,
2022_PNG,,,,,
2023_PNG,,,,,
2024_PNG,,,,,
2000_PRY,,,,,
2001_PRY,,,,,
2002_PRY,,,,,
2003_PRY,,,,,
2004_PRY,,,,,
2005_PRY,,,,,
2006_PRY,,,,,
2007_PRY,,,,,
2008_PRY,,,,,
2009_PRY,,,,,
2010_PRY,,,,,
2011_PRY,,,,,
2012_PRY,,,,,
2013_PRY,,,,,
2014_PRY,,,,,
2015_PRY,,,,,
2016_PRY,,,,,
2017_PRY,,,,,
2018_PRY,,,,,
2019_PRY,,,,,
2020_PRY,,,,,
2021_PRY,,,,,
2022_PRY,,,,,
2023_PRY,,,,,
2024_PRY,,,,,
2000_PER,,,,,
2001_PER,,,,,
2002_PER,,,,,
2003_PER,,,,,
2004_PER,,,,,
2005_PER,,,,,
2006_PER,,,,,
2007_PER,,,,,
2008_PER,,,,,
2009_PER,,,,,
2010_PER,,,,,
2011_PER,,,,,
2012_PER,,,,,
2013_PER,,,,,
2014_PER,,,,,
2015_PER,,,,,
2016_PER,,,,,
2017_PER,,,,,
2018_PER,,,,,
2019_PER,,,,,
2020_PER,,,,,
2021_PER,,,,,
2022_PER,,,,,
2023_PER,,,,,
2024_PER,,,,,
2000_PHL,,,,,
2001_PHL,,,,,
2002_PHL,,,,,
2003_PHL,,,,,
2004_PHL,,,,,
2005_PHL,,,,,
2006_PHL,,,,,
2007_PHL,,,,,
2008_PHL,,,,,
2009_PHL,,,,,
2010_PHL,,,,,
2011_PHL,,,,,
2012_PHL,,,,,
2013_PHL,,,,,
2014_PHL,,,,,
2015_PHL,,,,,
2016_PHL,,,,,
2017_PHL,,,,,
2018_PHL,,,,,
2019_PHL,,,,,
2020_PHL,,,,,
2021_PHL,,,,,
2022_PHL,,,,,
2023_PHL,,,,,
2024_PHL,,,,,
2000_POL,,,,,
2001_POL,,,,,
2002_POL,,,,,
2003_POL,,,,,
2004_POL,,,,,
2005_POL,,,,,
2006_POL,,,,,
2007_POL,,,,,
2008_POL,,,,,
2009_POL,,,,,
2010_POL,,,,,
2011_POL,,,,,
2012_POL,,,,,
2013_POL,,,,,
2014_POL,,,,,
2015_POL,,,,,
2016_POL,,,,,
2017_POL,,,,,
2018_POL,,,,,
2019_POL,,,,,
2020_POL,,,,,
2021_POL,,,,,
2022_POL,,,,,
2023_POL,,,,,
2024_POL,,,,,
2000_PRT,,,,,
2001_PRT,,,,,
2002_PRT,,,,,
2003_PRT,,,,,
2004_PRT,,,,,
2005_PRT,,,,,
2006_PRT,,,,,
2007_PRT,,,,,
2008_PRT,,,,,
2009_PRT,,,,,
2010_PRT,,,,,
2011_PRT,,,,,
2012_PRT,,,,,
2013_PRT,,,,,
2014_PRT,,,,,
2015_PRT,,,,,
2016_PRT,,,,,
2017_PRT,,,,,
2018_PRT,,,,,
2019_PRT,,,,,
2020_PRT,,,,,
2021_PRT,,,,,
2022_PRT,,,,,
2023_PRT,,,,,
2024_PRT,,,,,
2000_PRI,,,,,
2001_PRI,,,,,
2002_PRI,,,,,
2003_PRI,,,,,
2004_PRI,,,,,
2005_PRI,,,,,
2006_PRI,,,,,
2007_PRI,,,,,
2008_PRI,,,,,
2009_PRI,,,,,
2010_PRI,,,,,
2011_PRI,,,,,
2012_PRI,,,,,
2013_PRI,,,,,
2014_PRI,,,,,
2015_PRI,,,,,
2016_PRI,,,,,
2017_PRI,,,,,
2018_PRI,,,,,
2019_PRI,,,,,
2020_PRI,,,,,
2021_PRI,,,,,
2022_PRI,,,,,
2023_PRI,,,,,
2024_PRI,,,,,
2000_QAT,,,,,
2001_QAT,,,,,
2002_QAT,,,,,
2003_QAT,,,,,
2004_QAT,,,,,
2005_QAT,,,,,
2006_QAT,,,,,
2007_QAT,,,,,
2008_QAT,,,,,
2009_QAT,,,,,
2010_QAT,,,,,
2011_QAT,,,,,
2012_QAT,,,,,
2013_QAT,,,,,
2014_QAT,,,,,
2015_QAT,,,,,
2016_QAT,,,,,
2017_QAT,,,,,
2018_QAT,,,,,
2019_QAT,,,,,
2020_QAT,,,,,
2021_QAT,,,,,
2022_QAT,,,,,
2023_QAT,,,,,
2024_QAT,,,,,
2000_ROU,,,,,
2001_ROU,,,,,
2002_ROU,,,,,
2003_ROU,,,,,
2004_ROU,,,,,
2005_ROU,,,,,
2006_ROU,,,,,
2007_ROU,,,,,
2008_ROU,,,,,
2009_ROU,,,,,
2010_ROU,,,,,
2011_ROU,,,,,
2012_ROU,,,,,
2013_ROU,,,,,
2014_ROU,,,,,
2015_ROU,,,,,
2016_ROU,,,,,
2017_ROU,,,,,
2018_ROU,,,,,
2019_ROU,,,,,
2020_ROU,,,,,
2021_ROU,,,,,
2022_ROU,,,,,
2023_ROU,,,,,
2024_ROU,,,,,
2000_RUS,,,,,
2001_RUS,,,,,
2002_RUS,,,,,
2003_RUS,,,,,
2004_RUS,,,,,
2005_RUS,,,,,
2006_RUS,,,,,
2007_RUS,,,,,
2008_RUS,,,,,
2009_RUS,,,,,
2010_RUS,,,,,
2011_RUS,,,,,
2012_RUS,,,,,
2013_RUS,,,,,
2014_RUS,,,,,
2015_RUS,,,,,
2016_RUS,,,,,
2017_RUS,,,,,
2018_RUS,,,,,
2019_RUS,,,,,
2020_RUS,,,,,
2021_RUS,,,,,
2022_RUS,,,,,
2023_RUS,,,,,
2024_RUS,,,,,
2000_RWA,,,,,
2001_RWA,,,,,
2002_RWA,,,,,
2003_RWA,,,,,
2004_RWA,,,,,
2005_RWA,,,,,
2006_RWA,,,,,
2007_RWA,,,,,
2008_RWA,,,,,
2009_RWA,,,,,
2010_RWA,,,,,
2011_RWA,,,,,
2012_RWA,,,,,
2013_RWA,,,,,
2014_RWA,,,,,
2015_RWA,,,,,
2016_RWA,,,,,
2017_RWA,,,,,
2018_RWA,,,,,
2019_RWA,,,,,
2020_RWA,,,,,
2021_RWA,,,,,
2022_RWA,,,,,
2023_RWA,,,,,
2024_RWA,,,,,
2000_WSM,,,,,
2001_WSM,,,,,
2002_WSM,,,,,
2003_WSM,,,,,
2004_WSM,,,,,
2005_WSM,,,,,
2006_WSM,,,,,
2007_WSM,,,,,
2008_WSM,,,,,
2009_WSM,,,,,
2010_WSM,,,,,
2011_WSM,,,,,
2012_WSM,,,,,
2013_WSM,,,,,
2014_WSM,,,,,
2015_WSM,,,,,
2016_WSM,,,,,
2017_WSM,,,,,
2018_WSM,,,,,
2019_WSM,,,,,
2020_WSM,,,,,
2021_WSM,,,,,
2022_WSM,,,,,
2023_WSM,,,,,
2024_WSM,,,,,
2000_SMR,,,,,
2001_SMR,,,,,
2002_SMR,,,,,
2003_SMR,,,,,
2004_SMR,,,,,
2005_SMR,,,,,
2006_SMR,,,,,
2007_SMR,,,,,
2008_SMR,,,,,
2009_SMR,,,,,
2010_SMR,,,,,
2011_SMR,,,,,
2012_SMR,,,,,
2013_SMR,,,,,
2014_SMR,,,,,
2015_SMR,,,,,
2016_SMR,,,,,
2017_SMR,,,,,
2018_SMR,,,,,
2019_SMR,,,,,
2020_SMR,,,,,
2021_SMR,,,,,
2022_SMR,,,,,
2023_SMR,,,,,
2024_SMR,,,,,
2000_STP,,,,,
2001_STP,,,,,
2002_STP,,,,,
2003_STP,,,,,
2004_STP,,,,,
2005_STP,,,,,
2006_STP,,,,,
2007_STP,,,,,
2008_STP,,,,,
2009_STP,,,,,
2010_STP,,,,,
2011_STP,,,,,
2012_STP,,,,,
2013_STP,,,,,
2014_STP,,,,,
2015_STP,,,,,
2016_STP,,,,,
2017_STP,,,,,
2018_STP,,,,,
2019_STP,,,,,
2020_STP,,,,,
2021_STP,,,,,
2022_STP,,,,,
2023_STP,,,,,
2024_STP,,,,,
2000_SAU,,,,,
2001_SAU,,,,,
2002_SAU,,,,,
2003_SAU,,,,,
2004_SAU,,,,,
2005_SAU,,,,,
2006_SAU,,,,,
2007_SAU,,,,,
2008_SAU,,,,,
2009_SAU,,,,,
2010_SAU,,,,,
2011_SAU,,,,,
2012_SAU,,,,,
2013_SAU,,,,,
2014_SAU,,,,,
2015_SAU,,,,,
2016_SAU,,,,,
2017_SAU,,,,,
2018_SAU,,,,,
2019_SAU,,,,,
2020_SAU,,,,,
2021_SAU,,,,,
2022_SAU,,,,,
2023_SAU,,,,,
2024_SAU,,,,,
2000_SEN,,,,,
2001_SEN,,,,,
2002_SEN,,,,,
2003_SEN,,,,,
2004_SEN,,,,,
2005_SEN,,,,,
2006_SEN,,,,,
2007_SEN,,,,,
2008_SEN,,,,,
2009_SEN,,,,,
2010_SEN,,,,,
2011_SEN,,,,,
2012_SEN,,,,,
2013_SEN,,,,,
2014_SEN,,,,,
2015_SEN,,,,,
2016_SEN,,,,,
2017_SEN,,,,,
2018_SEN,,,,,
2019_SEN,,,,,
2020_SEN,,,,,
2021_SEN,,,,,
2022_SEN,,,,,
2023_SEN,,,,,
2024_SEN,,,,,
2000_SRB,,,,,
2001_SRB,,,,,
2002_SRB,,,,,
2003_SRB,,,,,
2004_SRB,,,,,
2005_SRB,,,,,
2006_SRB,,,,,
2007_SRB,,,,,
2008_SRB,,,,,
2009_SRB,,,,,
2010_SRB,,,,,
2011_SRB,,,,,
2012_SRB,,,,,
2013_SRB,,,,,
2014_SRB,,,,,
2015_SRB,,,,,
2016_SRB,,,,,
2017_SRB,,,,,
2018_SRB,,,,,
2019_SRB,,,,,
2020_SRB,,,,,
2021_SRB,,,,,
2022_SRB,,,,,
2023_SRB,,,,,
2024_SRB,,,,,
2000_SYC,,,,,
2001_SYC,,,,,
2002_SYC,,,,,
2003_SYC,,,,,
2004_SYC,,,,,
2005_SYC,,,,,
2006_SYC,,,,,
2007_SYC,,,,,
2008_SYC,,,,,
2009_SYC,,,,,
2010_SYC,,,,,
2011_SYC,,,,,
2012_SYC,,,,,
2013_SYC,,,,,
2014_SYC,,,,,
2015_SYC,,,,,
2016_SYC,,,,,
2017_SYC,,,,,
2018_SYC,,,,,
2019_SYC,,,,,
2020_SYC,,,,,
2021_SYC,,,,,
2022_SYC,,,,,
2023_SYC,,,,,
2024_SYC,,,,,
2000_SLE,,,,,
2001_SLE,,,,,
2002_SLE,,,,,
2003_SLE,,,,,
2004_SLE,,,,,
2005_SLE,,,,,
2006_SLE,,,,,
2007_SLE,,,,,
2008_SLE,,,,,
2009_SLE,,,,,
2010_SLE,,,,,
2011_SLE,,,,,
2012_SLE,,,,,
2013_SLE,,,,,
2014_SLE,,,,,
2015_SLE,,,,,
2016_SLE,,,,,
2017_SLE,,,,,
2018_SLE,,,,,
2019_SLE,,,,,
2020_SLE,,,,,
2021_SLE,,,,,
2022_SLE,,,,,
2023_SLE,,,,,
2024_SLE,,,,,
2000_SGP,,,,,
2001_SGP,,,,,
2002_SGP,,,,,
2003_SGP,,,,,
2004_SGP,,,,,
2005_SGP,,,,,
2006_SGP,,,,,
2007_SGP,,,,,
2008_SGP,,,,,
2009_SGP,,,,,
2010_SGP,,,,,
2011_SGP,,,,,
2012_SGP,,,,,
2013_SGP,,,,,
2014_SGP,,,,,
2015_SGP,,,,,
2016_SGP,,,,,
2017_SGP,,,,,
2018_SGP,,,,,
2019_SGP,,,,,
2020_SGP,,,,,
2021_SGP,,,,,
2022_SGP,,,,,
2023_SGP,,,,,
2024_SGP,,,,,
2006_SXM,,,,,
2007_SXM,,,,,
2008_SXM,,,,,
2009_SXM,,,,,
2010_SXM,,,,,
2011_SXM,,,,,
2012_SXM,,,,,
2013_SXM,,,,,
2014_SXM,,,,,
2015_SXM,,,,,
2016_SXM,,,,,
2017_SXM,,,,,
2018_SXM,,,,,
2019_SXM,,,,,
2020_SXM,,,,,
2021_SXM,,,,,
2022_SXM,,,,,
2023_SXM,,,,,
2024_SXM,,,,,
2000_SVK,,,,,
2001_SVK,,,,,
2002_SVK,,,,,
2003_SVK,,,,,
2004_SVK,,,,,
2005_SVK,,,,,
2006_SVK,,,,,
2007_SVK,,,,,
2008_SVK,,,,,
2009_SVK,,,,,
2010_SVK,,,,,
2011_SVK,,,,,
2012_SVK,,,,,
2013_SVK,,,,,
2014_SVK,,,,,
2015_SVK,,,,,
2016_SVK,,,,,
2017_SVK,,,,,
2018_SVK,,,,,
2019_SVK,,,,,
2020_SVK,,,,,
2021_SVK,,,,,
2022_SVK,,,,,
2023_SVK,,,,,
2024_SVK,,,,,
2000_SVN,,,,,
2001_SVN,,,,,
2002_SVN,,,,,
2003_SVN,,,,,
2004_SVN,,,,,
2005_SVN,,,,,
2006_SVN,,,,,
2007_SVN,,,,,
2008_SVN,,,,,
2009_SVN,,,,,
2010_SVN,,,,,
2011_SVN,,,,,
2012_SVN,,,,,
2013_SVN,,,,,
2014_SVN,,,,,
2015_SVN,,,,,
2016_SVN,,,,,
2017_SVN,,,,,
2018_SVN,,,,,
2019_SVN,,,,,
2020_SVN,,,,,
2021_SVN,,,,,
2022_SVN,,,,,
2023_SVN,,,,,
2024_SVN,,,,,
2000_SLB,,,,,
2001_SLB,,,,,
2002_SLB,,,,,
2003_SLB,,,,,
2004_SLB,,,,,
2005_SLB,,,,,
2006_SLB,,,,,
2007_SLB,,,,,
2008_SLB,,,,,
2009_SLB,,,,,
2010_SLB,,,,,
2011_SLB,,,,,
2012_SLB,,,,,
2013_SLB,,,,,
2014_SLB,,,,,
2015_SLB,,,,,
2016_SLB,,,,,
2017_SLB,,,,,
2018_SLB,,,,,
2019_SLB,,,,,
2020_SLB,,,,,
2021_SLB,,,,,
2022_SLB,,,,,
2023_SLB,,,,,
2024_SLB,,,,,
2000_SOM,,,,,
2001_SOM,,,,,
2002_SOM,,,,,
2003_SOM,,,,,
2004_SOM,,,,,
2005_SOM,,,,,
2006_SOM,,,,,
2007_SOM,,,,,
2008_SOM,,,,,
2009_SOM,,,,,
2010_SOM,,,,,
2011_SOM,,,,,
2012_SOM,,,,,
2013_SOM,,,,,
2014_SOM,,,,,
2015_SOM,,,,,
2016_SOM,,,,,
2017_SOM,,,,,
2018_SOM,,,,,
2019_SOM,,,,,
2020_SOM,,,,,
2021_SOM,,,,,
2022_SOM,,,,,
2023_SOM,,,,,
2024_SOM,,,,,
2000_ZAF,,,,,
2001_ZAF,,,,,
2002_ZAF,,,,,
2003_ZAF,,,,,
2004_ZAF,,,,,
2005_ZAF,,,,,
2006_ZAF,,,,,
2007_ZAF,,,,,
2008_ZAF,,,,,
2009_ZAF,,,,,
2010_ZAF,,,,,
2011_ZAF,,,,,
2012_ZAF,,,,,
2013_ZAF,,,,,
2014_ZAF,,,,,
2015_ZAF,,,,,
2016_ZAF,,,,,
2017_ZAF,,,,,
2018_ZAF,,,,,
2019_ZAF,,,,,
2020_ZAF,,,,,
2021_ZAF,,,,,
2022_ZAF,,,,,
2023_ZAF,,,,,
2024_ZAF,,,,,
2009_SSD,,,,,
2010_SSD,,,,,
2011_SSD,,,,,
2012_SSD,,,,,
2013_SSD,,,,,
2014_SSD,,,,,
2015_SSD,,,,,
2016_SSD,,,,,
2017_SSD,,,,,
2018_SSD,,,,,
2019_SSD,,,,,
2020_SSD,,,,,
2021_SSD,,,,,
2022_SSD,,,,,
2023_SSD,,,,,
2024_SSD,,,,,
2000_ESP,,,,,
2001_ESP,,,,,
2002_ESP,,,,,
2003_ESP,,,,,
2004_ESP,,,,,
2005_ESP,,,,,
2006_ESP,,,,,
2007_ESP,,,,,
2008_ESP,,,,,
2009_ESP,,,,,
2010_ESP,,,,,
2011_ESP,,,,,
2012_ESP,,,,,
2013_ESP,,,,,
2014_ESP,,,,,
2015_ESP,,,,,
2016_ESP,,,,,
2017_ESP,,,,,
2018_ESP,,,,,
2019_ESP,,,,,
2020_ESP,,,,,
2021_ESP,,,,,
2022_ESP,,,,,
2023_ESP,,,,,
2024_ESP,,,,,
2000_LKA,,,,,
2001_LKA,,,,,
2002_LKA,,,,,
2003_LKA,,,,,
2004_LKA,,,,,
2005_LKA,,,,,
2006_LKA,,,,,
2007_LKA,,,,,
2008_LKA,,,,,
2009_LKA,,,,,
2010_LKA,,,,,
2011_LKA,,,,,
2012_LKA,,,,,
2013_LKA,,,,,
2014_LKA,,,,,
2015_LKA,,,,,
2016_LKA,,,,,
2017_LKA,,,,,
2018_LKA,,,,,
2019_LKA,,,,,
2020_LKA,,,,,
2021_LKA,,,,,
2022_LKA,,,,,
2023_LKA,,,,,
2024_LKA,,,,,
2000_KNA,,,,,
2001_KNA,,,,,
2002_KNA,,,,,
2003_KNA,,,,,
2004_KNA,,,,,
2005_KNA,,,,,
2006_KNA,,,,,
2007_KNA,,,,,
2008_KNA,,,,,
2009_KNA,,,,,
2010_KNA,,,,,
2011_KNA,,,,,
2012_KNA,,,,,
2013_KNA,,,,,
2014_KNA,,,,,
2015_KNA,,,,,
2016_KNA,,,,,
2017_KNA,,,,,
2018_KNA,,,,,
2019_KNA,,,,,
2020_KNA,,,,,
2021_KNA,,,,,
2022_KNA,,,,,
2023_KNA,,,,,
2024_KNA,,,,,
2000_LCA,,,,,
2001_LCA,,,,,
2002_LCA,,,,,
2003_LCA,,,,,
2004_LCA,,,,,
2005_LCA,,,,,
2006_LCA,,,,,
2007_LCA,,,,,
2008_LCA,,,,,
2009_LCA,,,,,
2010_LCA,,,,,
2011_LCA,,,,,
2012_LCA,,,,,
2013_LCA,,,,,
2014_LCA,,,,,
2015_LCA,,,,,
2016_LCA,,,,,
2017_LCA,,,,,
2018_LCA,,,,,
2019_LCA,,,,,
2020_LCA,,,,,
2021_LCA,,,,,
2022_LCA,,,,,
2023_LCA,,,,,
2024_LCA,,,,,
2015_MAF,,,,,
2016_MAF,,,,,
2017_MAF,,,,,
2018_MAF,,,,,
2019_MAF,,,,,
2020_MAF,,,,,
2021_MAF,,,,,
2000_VCT,,,,,
2001_VCT,,,,,
2002_VCT,,,,,
2003_VCT,,,,,
2004_VCT,,,,,
2005_VCT,,,,,
2006_VCT,,,,,
2007_VCT,,,,,
2008_VCT,,,,,
2009_VCT,,,,,
2010_VCT,,,,,
2011_VCT,,,,,
2012_VCT,,,,,
2013_VCT,,,,,
2014_VCT,,,,,
2015_VCT,,,,,
2016_VCT,,,,,
2017_VCT,,,,,
2018_VCT,,,,,
2019_VCT,,,,,
2020_VCT,,,,,
2021_VCT,,,,,
2022_VCT,,,,,
2023_VCT,,,,,
2024_VCT,,,,,
2000_SDN,,,,,
2001_SDN,,,,,
2002_SDN,,,,,
2003_SDN,,,,,
2004_SDN,,,,,
2005_SDN,,,,,
2006_SDN,,,,,
2007_SDN,,,,,
2008_SDN,,,,,
2009_SDN,,,,,
2010_SDN,,,,,
2011_SDN,,,,,
2012_SDN,,,,,
2013_SDN,,,,,
2014_SDN,,,,,
2015_SDN,,,,,
2016_SDN,,,,,
2017_SDN,,,,,
2018_SDN,,,,,
2019_SDN,,,,,
2020_SDN,,,,,
2021_SDN,,,,,
2022_SDN,,,,,
2023_SDN,,,,,
2024_SDN,,,,,
2000_SUR,,,,,
2001_SUR,,,,,
2002_SUR,,,,,
2003_SUR,,,,,
2004_SUR,,,,,
2005_SUR,,,,,
2006_SUR,,,,,
2007_SUR,,,,,
2008_SUR,,,,,
2009_SUR,,,,,
2010_SUR,,,,,
2011_SUR,,,,,
2012_SUR,,,,,
2013_SUR,,,,,
2014_SUR,,,,,
2015_SUR,,,,,
2016_SUR,,,,,
2017_SUR,,,,,
2018_SUR,,,,,
2019_SUR,,,,,
2020_SUR,,,,,
2021_SUR,,,,,
2022_SUR,,,,,
2023_SUR,,,,,
2024_SUR,,,,,
2000_SWE,,,,,
2001_SWE,,,,,
2002_SWE,,,,,
2003_SWE,,,,,
2004_SWE,,,,,
2005_SWE,,,,,
2006_SWE,,,,,
2007_SWE,,,,,
2008_SWE,,,,,
2009_SWE,,,,,
2010_SWE,,,,,
2011_SWE,,,,,
2012_SWE,,,,,
2013_SWE,,,,,
2014_SWE,,,,,
2015_SWE,,,,,
2016_SWE,,,,,
2017_SWE,,,,,
2018_SWE,,,,,
2019_SWE,,,,,
2020_SWE,,,,,
2021_SWE,,,,,
2022_SWE,,,,,
2023_SWE,,,,,
2024_SWE,,,,,
2000_CHE,,,,,
2001_CHE,,,,,
2002_CHE,,,,,
2003_CHE,,,,,
2004_CHE,,,,,
2005_CHE,,,,,
2006_CHE,,,,,
2007_CHE,,,,,
2008_CHE,,,,,
2009_CHE,,,,,
2010_CHE,,,,,
2011_CHE,,,,,
2012_CHE,,,,,
2013_CHE,,,,,
2014_CHE,,,,,
2015_CHE,,,,,
2016_CHE,,,,,
2017_CHE,,,,,
2018_CHE,,,,,
2019_CHE,,,,,
2020_CHE,,,,,
2021_CHE,,,,,
2022_CHE,,,,,
2023_CHE,,,,,
2024_CHE,,,,,
2000_SYR,,,,,
2001_SYR,,,,,
2002_SYR,,,,,
2003_SYR,,,,,
2004_SYR,,,,,
2005_SYR,,,,,
2006_SYR,,,,,
2007_SYR,,,,,
2008_SYR,,,,,
2009_SYR,,,,,
2010_SYR,,,,,
2011_SYR,,,,,
2012_SYR,,,,,
2013_SYR,,,,,
2014_SYR,,,,,
2015_SYR,,,,,
2016_SYR,,,,,
2017_SYR,,,,,
2018_SYR,,,,,
2019_SYR,,,,,
2020_SYR,,,,,
2021_SYR,,,,,
2022_SYR,,,,,
2000_TJK,,,,,
2001_TJK,,,,,
2002_TJK,,,,,
2003_TJK,,,,,
2004_TJK,,,,,
2005_TJK,,,,,
2006_TJK,,,,,
2007_TJK,,,,,
2008_TJK,,,,,
2009_TJK,,,,,
2010_TJK,,,,,
2011_TJK,,,,,
2012_TJK,,,,,
2013_TJK,,,,,
2014_TJK,,,,,
2015_TJK,,,,,
2016_TJK,,,,,
2017_TJK,,,,,
2018_TJK,,,,,
2019_TJK,,,,,
2020_TJK,,,,,
2021_TJK,,,,,
2022_TJK,,,,,
2023_TJK,,,,,
2024_TJK,,,,,
2000_TZA,,,,,
2001_TZA,,,,,
2002_TZA,,,,,
2003_TZA,,,,,
2004_TZA,,,,,
2005_TZA,,,,,
2006_TZA,,,,,
2007_TZA,,,,,
2008_TZA,,,,,
2009_TZA,,,,,
2010_TZA,,,,,
2011_TZA,,,,,
2012_TZA,,,,,
2013_TZA,,,,,
2014_TZA,,,,,
2015_TZA,,,,,
2016_TZA,,,,,
2017_TZA,,,,,
2018_TZA,,,,,
2019_TZA,,,,,
2020_TZA,,,,,
2021_TZA,,,,,
2022_TZA,,,,,
2023_TZA,,,,,
2024_TZA,,,,,
2000_THA,,,,,
2001_THA,,,,,
2002_THA,,,,,
2003_THA,,,,,
2004_THA,,,,,
2005_THA,,,,,
2006_THA,,,,,
2007_THA,,,,,
2008_THA,,,,,
2009_THA,,,,,
2010_THA,,,,,
2011_THA,,,,,
2012_THA,,,,,
2013_THA,,,,,
2014_THA,,,,,
2015_THA,,,,,
2016_THA,,,,,
2017_THA,,,,,
2018_THA,,,,,
2019_THA,,,,,
2020_THA,,,,,
2021_THA,,,,,
2022_THA,,,,,
2023_THA,,,,,
2024_THA,,,,,
2000_TLS,,,,,
2001_TLS,,,,,
2002_TLS,,,,,
2003_TLS,,,,,
2004_TLS,,,,,
2005_TLS,,,,,
2006_TLS,,,,,
2007_TLS,,,,,
2008_TLS,,,,,
2009_TLS,,,,,
2010_TLS,,,,,
2011_TLS,,,,,
2012_TLS,,,,,
2013_TLS,,,,,
2014_TLS,,,,,
2015_TLS,,,,,
2016_TLS,,,,,
2017_TLS,,,,,
2018_TLS,,,,,
2019_TLS,,,,,
2020_TLS,,,,,
2021_TLS,,,,,
2022_TLS,,,,,
2023_TLS,,,,,
2024_TLS,,,,,
2000_TGO,,,,,
2001_TGO,,,,,
2002_TGO,,,,,
2003_TGO,,,,,
2004_TGO,,,,,
2005_TGO,,,,,
2006_TGO,,,,,
2007_TGO,,,,,
2008_TGO,,,,,
2009_TGO,,,,,
2010_TGO,,,,,
2011_TGO,,,,,
2012_TGO,,,,,
2013_TGO,,,,,
2014_TGO,,,,,
2015_TGO,,,,,
2016_TGO,,,,,
2017_TGO,,,,,
2018_TGO,,,,,
2019_TGO,,,,,
2020_TGO,,,,,
2021_TGO,,,,,
2022_TGO,,,,,
2023_TGO,,,,,
2024_TGO,,,,,
2000_TON,,,,,
2001_TON,,,,,
2002_TON,,,,,
2003_TON,,,,,
2004_TON,,,,,
2005_TON,,,,,
2006_TON,,,,,
2007_TON,,,,,
2008_TON,,,,,
2009_TON,,,,,
2010_TON,,,,,
2011_TON,,,,,
2012_TON,,,,,
2013_TON,,,,,
2014_TON,,,,,
2015_TON,,,,,
2016_TON,,,,,
2017_TON,,,,,
2018_TON,,,,,
2019_TON,,,,,
2020_TON,,,,,
2021_TON,,,,,
2022_TON,,,,,
2023_TON,,,,,
2024_TON,,,,,
2000_TTO,,,,,
2001_TTO,,,,,
2002_TTO,,,,,
2003_TTO,,,,,
2004_TTO,,,,,
2005_TTO,,,,,
2006_TTO,,,,,
2007_TTO,,,,,
2008_TTO,,,,,
2009_TTO,,,,,
2010_TTO,,,,,
2011_TTO,,,,,
2012_TTO,,,,,
2013_TTO,,,,,
2014_TTO,,,,,
2015_TTO,,,,,
2016_TTO,,,,,
2017_TTO,,,,,
2018_TTO,,,,,
2019_TTO,,,,,
2020_TTO,,,,,
2021_TTO,,,,,
2022_TTO,,,,,
2023_TTO,,,,,
2024_TTO,,,,,
2000_TUN,,,,,
2001_TUN,,,,,
2002_TUN,,,,,
2003_TUN,,,,,
2004_TUN,,,,,
2005_TUN,,,,,
2006_TUN,,,,,
2007_TUN,,,,,
2008_TUN,,,,,
2009_TUN,,,,,
2010_TUN,,,,,
2011_TUN,,,,,
2012_TUN,,,,,
2013_TUN,,,,,
2014_TUN,,,,,
2015_TUN,,,,,
2016_TUN,,,,,
2017_TUN,,,,,
2018_TUN,,,,,
2019_TUN,,,,,
2020_TUN,,,,,
2021_TUN,,,,,
2022_TUN,,,,,
2023_TUN,,,,,
2024_TUN,,,,,
2000_TUR,,,,,
2001_TUR,,,,,
2002_TUR,,,,,
2003_TUR,,,,,
2004_TUR,,,,,
2005_TUR,,,,,
2006_TUR,,,,,
2007_TUR,,,,,
2008_TUR,,,,,
2009_TUR,,,,,
2010_TUR,,,,,
2011_TUR,,,,,
2012_TUR,,,,,
2013_TUR,,,,,
2014_TUR,,,,,
2015_TUR,,,,,
2016_TUR,,,,,
2017_TUR,,,,,
2018_TUR,,,,,
2019_TUR,,,,,
2020_TUR,,,,,
2021_TUR,,,,,
2022_TUR,,,,,
2023_TUR,,,,,
2024_TUR,,,,,
2000_TKM,,,,,
2001_TKM,,,,,
2002_TKM,,,,,
2003_TKM,,,,,
2004_TKM,,,,,
2005_TKM,,,,,
2006_TKM,,,,,
2007_TKM,,,,,
2008_TKM,,,,,
2009_TKM,,,,,
2010_TKM,,,,,
2011_TKM,,,,,
2012_TKM,,,,,
2013_TKM,,,,,
2014_TKM,,,,,
2015_TKM,,,,,
2016_TKM,,,,,
2017_TKM,,,,,
2018_TKM,,,,,
2019_TKM,,,,,
2020_TKM,,,,,
2021_TKM,,,,,
2022_TKM,,,,,
2023_TKM,,,,,
2024_TKM,,,,,
2008_TCA,,,,,
2009_TCA,,,,,
2010_TCA,,,,,
2011_TCA,,,,,
2012_TCA,,,,,
2013_TCA,,,,,
2014_TCA,,,,,
2015_TCA,,,,,
2016_TCA,,,,,
2017_TCA,,,,,
2018_TCA,,,,,
2019_TCA,,,,,
2020_TCA,,,,,
2021_TCA,,,,,
2022_TCA,,,,,
2023_TCA,,,,,
2024_TCA,,,,,
2000_TUV,,,,,
2001_TUV,,,,,
2002_TUV,,,,,
2003_TUV,,,,,
2004_TUV,,,,,
2005_TUV,,,,,
2006_TUV,,,,,
2007_TUV,,,,,
2008_TUV,,,,,
2009_TUV,,,,,
2010_TUV,,,,,
2011_TUV,,,,,
2012_TUV,,,,,
2013_TUV,,,,,
2014_TUV,,,,,
2015_TUV,,,,,
2016_TUV,,,,,
2017_TUV,,,,,
2018_TUV,,,,,
2019_TUV,,,,,
2020_TUV,,,,,
2021_TUV,,,,,
2022_TUV,,,,,
2023_TUV,,,,,
2000_UGA,,,,,
2001_UGA,,,,,
2002_UGA,,,,,
2003_UGA,,,,,
2004_UGA,,,,,
2005_UGA,,,,,
2006_UGA,,,,,
2007_UGA,,,,,
2008_UGA,,,,,
2009_UGA,,,,,
2010_UGA,,,,,
2011_UGA,,,,,
2012_UGA,,,,,
2013_UGA,,,,,
2014_UGA,,,,,
2015_UGA,,,,,
2016_UGA,,,,,
2017_UGA,,,,,
2018_UGA,,,,,
2019_UGA,,,,,
2020_UGA,,,,,
2021_UGA,,,,,
2022_UGA,,,,,
2023_UGA,,,,,
2024_UGA,,,,,
2000_UKR,,,,,
2001_UKR,,,,,
2002_UKR,,,,,
2003_UKR,,,,,
2004_UKR,,,,,
2005_UKR,,,,,
2006_UKR,,,,,
2007_UKR,,,,,
2008_UKR,,,,,
2009_UKR,,,,,
2010_UKR,,,,,
2011_UKR,,,,,
2012_UKR,,,,,
2013_UKR,,,,,
2014_UKR,,,,,
2015_UKR,,,,,
2016_UKR,,,,,
2017_UKR,,,,,
2018_UKR,,,,,
2019_UKR,,,,,
2020_UKR,,,,,
2021_UKR,,,,,
2022_UKR,,,,,
2023_UKR,,,,,
2024_UKR,,,,,
2000_ARE,,,,,
2001_ARE,,,,,
2002_ARE,,,,,
2003_ARE,,,,,
2004_ARE,,,,,
2005_ARE,,,,,
2006_ARE,,,,,
2007_ARE,,,,,
2008_ARE,,,,,
2009_ARE,,,,,
2010_ARE,,,,,
2011_ARE,,,,,
2012_ARE,,,,,
2013_ARE,,,,,
2014_ARE,,,,,
2015_ARE,,,,,
2016_ARE,,,,,
2017_ARE,,,,,
2018_ARE,,,,,
2019_ARE,,,,,
2020_ARE,,,,,
2021_ARE,,,,,
2022_ARE,,,,,
2023_ARE,,,,,
2024_ARE,,,,,
2000_GBR,,,,,
2001_GBR,,,,,
2002_GBR,,,,,
2003_GBR,,,,,
2004_GBR,,,,,
2005_GBR,,,,,
2006_GBR,,,,,
2007_GBR,,,,,
2008_GBR,,,,,
2009_GBR,,,,,
2010_GBR,,,,,
2011_GBR,,,,,
2012_GBR,,,,,
2013_GBR,,,,,
2014_GBR,,,,,
2015_GBR,,,,,
2016_GBR,,,,,
2017_GBR,,,,,
2018_GBR,,,,,
2019_GBR,,,,,
2020_GBR,,,,,
2021_GBR,,,,,
2022_GBR,,,,,
2023_GBR,,,,,
2024_GBR,,,,,
2000_USA,,,,,
2001_USA,,,,,
2002_USA,,,,,
2003_USA,,,,,
2004_USA,,,,,
2005_USA,,,,,
2006_USA,,,,,
2007_USA,,,,,
2008_USA,,,,,
2009_USA,,,,,
2010_USA,,,,,
2011_USA,,,,,
2012_USA,,,,,
2013_USA,,,,,
2014_USA,,,,,
2015_USA,,,,,
2016_USA,,,,,
2017_USA,,,,,
2018_USA,,,,,
2019_USA,,,,,
2020_USA,,,,,
2021_USA,,,,,
2022_USA,,,,,
2023_USA,,,,,
2024_USA,,,,,
2000_URY,,,,,
2001_URY,,,,,
2002_URY,,,,,
2003_URY,,,,,
2004_URY,,,,,
2005_URY,,,,,
2006_URY,,,,,
2007_URY,,,,,
2008_URY,,,,,
2009_URY,,,,,
2010_URY,,,,,
2011_URY,,,,,
2012_URY,,,,,
2013_URY,,,,,
2014_URY,,,,,
2015_URY,,,,,
2016_URY,,,,,
2017_URY,,,,,
2018_URY,,,,,
2019_URY,,,,,
2020_URY,,,,,
2021_URY,,,,,
2022_URY,,,,,
2023_URY,,,,,
2024_URY,,,,,
2000_UZB,,,,,
2001_UZB,,,,,
2002_UZB,,,,,
2003_UZB,,,,,
2004_UZB,,,,,
2005_UZB,,,,,
2006_UZB,,,,,
2007_UZB,,,,,
2008_UZB,,,,,
2009_UZB,,,,,
2010_UZB,,,,,
2011_UZB,,,,,
2012_UZB,,,,,
2013_UZB,,,,,
2014_UZB,,,,,
2015_UZB,,,,,
2016_UZB,,,,,
2017_UZB,,,,,
2018_UZB,,,,,
2019_UZB,,,,,
2020_UZB,,,,,
2021_UZB,,,,,
2022_UZB,,,,,
2023_UZB,,,,,
2024_UZB,,,,,
2000_VUT,,,,,
2001_VUT,,,,,
2002_VUT,,,,,
2003_VUT,,,,,
2004_VUT,,,,,
2005_VUT,,,,,
2006_VUT,,,,,
2007_VUT,,,,,
2008_VUT,,,,,
2009_VUT,,,,,
2010_VUT,,,,,
2011_VUT,,,,,
2012_VUT,,,,,
2013_VUT,,,,,
2014_VUT,,,,,
2015_VUT,,,,,
2016_VUT,,,,,
2017_VUT,,,,,
2018_VUT,,,,,
2019_VUT,,,,,
2020_VUT,,,,,
2021_VUT,,,,,
2022_VUT,,,,,
2023_VUT,,,,,
2024_VUT,,,,,
2000_VEN,,,,,
2001_VEN,,,,,
2002_VEN,,,,,
2003_VEN,,,,,
2004_VEN,,,,,
2005_VEN,,,,,
2006_VEN,,,,,
2007_VEN,,,,,
2008_VEN,,,,,
2009_VEN,,,,,
2010_VEN,,,,,
2011_VEN,,,,,
2012_VEN,,,,,
2013_VEN,,,,,
2014_VEN,,,,,
2015_VEN,,,,,
2016_VEN,,,,,
2017_VEN,,,,,
2018_VEN,,,,,
2019_VEN,,,,,
2020_VEN,,,,,
2021_VEN,,,,,
2022_VEN,,,,,
2023_VEN,,,,,
2024_VEN,,,,,
2000_VNM,,,,,
2001_VNM,,,,,
2002_VNM,,,,,
2003_VNM,,,,,
2004_VNM,,,,,
2005_VNM,,,,,
2006_VNM,,,,,
2007_VNM,,,,,
2008_VNM,,,,,
2009_VNM,,,,,
2010_VNM,,,,,
2011_VNM,,,,,
2012_VNM,,,,,
2013_VNM,,,,,
2014_VNM,,,,,
2015_VNM,,,,,
2016_VNM,,,,,
2017_VNM,,,,,
2018_VNM,,,,,
2019_VNM,,,,,
2020_VNM,,,,,
2021_VNM,,,,,
2022_VNM,,,,,
2023_VNM,,,,,
2024_VNM,,,,,
2003_VIR,,,,,
2004_VIR,,,,,
2005_VIR,,,,,
2006_VIR,,,,,
2007_VIR,,,,,
2008_VIR,,,,,
2009_VIR,,,,,
2010_VIR,,,,,
2011_VIR,,,,,
2012_VIR,,,,,
2013_VIR,,,,,
2014_VIR,,,,,
2015_VIR,,,,,
2016_VIR,,,,,
2017_VIR,,,,,
2018_VIR,,,,,
2019_VIR,,,,,
2020_VIR,,,,,
2021_VIR,,,,,
2022_VIR,,,,,
2000_PSE,,,,,
2001_PSE,,,,,
2002_PSE,,,,,
2003_PSE,,,,,
2004_PSE,,,,,
2005_PSE,,,,,
2006_PSE,,,,,
2007_PSE,,,,,
2008_PSE,,,,,
2009_PSE,,,,,
2010_PSE,,,,,
2011_PSE,,,,,
2012_PSE,,,,,
2013_PSE,,,,,
2014_PSE,,,,,
2015_PSE,,,,,
2016_PSE,,,,,
2017_PSE,,,,,
2018_PSE,,,,,
2019_PSE,,,,,
2020_PSE,,,,,
2021_PSE,,,,,
2022_PSE,,,,,
2023_PSE,,,,,
2024_PSE,,,,,
2000_YEM,,,,,
2001_YEM,,,,,
2002_YEM,,,,,
2003_YEM,,,,,
2004_YEM,,,,,
2005_YEM,,,,,
2006_YEM,,,,,
2007_YEM,,,,,
2008_YEM,,,,,
2009_YEM,,,,,
2010_YEM,,,,,
2011_YEM,,,,,
2012_YEM,,,,,
2013_YEM,,,,,
2014_YEM,,,,,
2015_YEM,,,,,
2016_YEM,,,,,
2017_YEM,,,,,
2018_YEM,,,,,
2000_ZMB,,,,,
2001_ZMB,,,,,
2002_ZMB,,,,,
2003_ZMB,,,,,
2004_ZMB,,,,,
2005_ZMB,,,,,
2006_ZMB,,,,,
2007_ZMB,,,,,
2008_ZMB,,,,,
2009_ZMB,,,,,
2010_ZMB,,,,,
2011_ZMB,,,,,
2012_ZMB,,,,,
2013_ZMB,,,,,
2014_ZMB,,,,,
2015_ZMB,,,,,
2016_ZMB,,,,,
2017_ZMB,,,,,
2018_ZMB,,,,,
2019_ZMB,,,,,
2020_ZMB,,,,,
2021_ZMB,,,,,
2022_ZMB,,,,,
2023_ZMB,,,,,
2024_ZMB,,,,,
2000_ZWE,,,,,
2001_ZWE,,,,,
2002_ZWE,,,,,
2003_ZWE,,,,,
2004_ZWE,,,,,
2005_ZWE,,,,,
2006_ZWE,,,,,
2007_ZWE,,,,,
2008_ZWE,,,,,
2009_ZWE,,,,,
2010_ZWE,,,,,
2011_ZWE,,,,,
2012_ZWE,,,,,
2013_ZWE,,,,,
2014_ZWE,,,,,
2015_ZWE,,,,,
2016_ZWE,,,,,
2017_ZWE,,,,,
2018_ZWE,,,,,
2019_ZWE,,,,,
2020_ZWE,,,,,
2021_ZWE,,,,,
2022_ZWE,,,,,
2023_ZWE,,,,,
2024_ZWE,,,,,
